building_id,total_price
X5gsdTWGS3W7JJQB,12758225.0
dhdymr0lV8N5kZOT,11913086.0
EtBjGAHmHCe9t7TZ,2971250.0
fxZSGX6aPAFKU8W4,1411056.4
dxxwNun97NH4WTrZ,2663492.8
jykBfhh3vdeFUi3H,5045545.0
L10dBBdqGmemweSl,7180246.5
a7fxkXTnUGWHUmKG,23582132.0
JQgTtbVstqFZwEK1,518251.78
Eg8c7ZRbL0gyAEAb,1518357.9
zsFOujpX1WUIkeMD,2195771.8
hZ1FFAGWfwM7Q5qr,1995274.8
qxNpqoav46ab8aX0,13269542.0
tw5gw9arRECzmh5o,9752412.0
bE4xwsO642wMGDiH,730050750.0
R9A8BJ65VWVztrwJ,15829425.0
CVz3pN9nF05lPP5u,2791079.5
vvgK6NlGq4dXvuOQ,3123959.2
rcPOpyDivowJQm5A,2404959.8
ii5gSN8z6AOorjQs,6518134.5
iFtImxGUUlXbkD9b,9456834.0
U7whXhR0NtRb2VTK,6073466.5
pJS9qvsg4qskb1P9,40606464.0
LPJuTqqcd2bQpaQk,13626051.0
yfvg6l0mtujabRT0,17385686.0
iwJrgniIhfPTCTmt,3706798.0
z2CovcitJJmVZFvU,14473434.0
ycrEEXCVOZ2VFtDj,2859710.5
uX03fWvPUQI1k24X,18231584.0
kzk36KgPb6OHgRGQ,30097526.0
CqnauNV66YHe1gks,4175777.2
oEXDouE9eVB5K8T0,4220280.5
C1tDWNNe6GWNzjxF,21159742.0
HCvpwrAaIz1gj9vB,6351816.0
IkZq7qHsY3vSSwcR,1587795.0
qFavghdEze2w15he,7341847.5
yn5Kp6YGrksLtWaR,498407.38
cnK6gMaFxsDO9UyT,1834950.9
MrPuFIhhBsGLWG6j,5661034.0
JQjuVCoV1cMPIlE8,2855102.5
q7uATN6vpk4oQd7Z,1778602.2
xBjTFMnuysBHgGwy,1949656.6
ZifOqSywxPB5pOc9,24683476.0
fKmpn4H3GLyD2PUy,3874767.8
h2nph9dHHWa0J6fb,625760.25
HhAGxXznlCCHBLRq,5759435.5
Az6W8JkPtYh5UXJH,14666041.0
R02iMiEZkmsiwn0U,5069067.0
DFfBG3ipPRPVprt3,5734334.0
zYZ4mFDXFj8NoiHT,1360340.0
yaEMimjW6RuytmdP,11125842.0
swYl8YGXondenmoZ,2450829.2
zdEOZ8rVZUIcAsnn,1388393.2
agBX2FCIatw2gl6F,3102754.0
iBVc1i0Nz2iVLRsJ,39437612.0
DBzhjFNu9v1vJeCD,1749425.1
fNFGKvxBrDUNTwAy,3575616.8
y1p1XsrgmvAxIEHf,2594357.2
yFhkc4piKpQm6VYg,3107495.0
OHxgQWgXCfDf6M78,27213782.0
STMFK1u2A2DAdJoL,5119612.5
jwvjXw6Gwpa194Bt,4480557.5
KLL1mBjOqfz3SV8R,22452366.0
pBciCIzGIvsCYXiT,4580970.5
xNUaqMw3oII2UTor,12577784.0
T9LW8x3knqqPwgkK,2417556.8
FgWZozt3nzyCUXnM,8555474.0
EoRnK4go0ALg43mw,5959489.0
XqL9tVDheeEv2io7,3100390.5
iKl5qy3KvaIWHI5R,4889116.0
YfKbANQ7jSe2qC9Z,6704230.5
UjOE3ivHhkdPmXUa,1937684.1
TLt2tu487OJzEJy9,1550837.8
ovUA0IOIK7scMkp0,7948786.0
SrJnp9FVj1NOaHKD,2431603.5
a4gxzrqCDYXkHVRO,1055781.6
lt618dECCJP52hga,784401.8
H5oSlW1NjS9ZkCUd,7101604.0
s24dzeasNBMNF3wQ,5670803.0
lL4m4LIGc8eUAGRj,826924.1
BIqC8wsRT6MNxbzM,26546488.0
TUGRyPGknO34y8hV,2368912.0
KGdN81DHpFvcVTWf,16131015.0
oEslaw1NKEwgpXUf,66478564.0
WANQg2FCfpBEhDr2,25278662.0
GRKatZcaqWCvwCqT,467760.1
UqRU7fxTRPVGNkkN,21693740.0
Z3j3wsMfNEI4syDN,1987895.9
Sn2SUoc6dIXb40Yv,781205.9
P8VJ9OpNOzi1pNHs,1275435.0
z8ABzKTS6c05meQ7,38062660.0
Z1oHXu9mV3VDjlUX,5426911.5
gwZYP0QegoM1o8XH,7024673.5
RDqhroeuoXxU7g3l,2741382.0
JYrFLGonYMChc3S0,648292.5
KlILMXtubFCLXNQs,4465473.5
EC6iErlPbg9KdQgm,1647556.9
fX0PPuP18QBEfdYk,3794383.8
pTbBhjnETaFwPgYt,1091297.4
ynZPsnqCi5gFtSo2,10894054.0
iRAHsGxzoPySxxS0,2598103.5
vHmW6y9nlz0lJQyZ,1870935.0
YdFynogNns4LP1ys,12171151.0
qWHLhIF1IcSdDnas,2975418.5
CSXDxxvDA1sLozvj,17646946.0
qT3Js3sVcxAau2U0,4885136.0
drzAOTGxpDdMQFMZ,7015187.0
AgU5cPhryY8kmRkO,3629383.0
SWPKRlVBvWvIfKZX,8579635.0
Nwo8qlPTyycuiSYq,7344789.0
Ibce2HgqQVZXq0kS,2857641.2
gKLvsyBSAmEBbMvF,36524720.0
jbTqVadWCD7tkxKH,5660424.0
K3cujKe4iAw8ft0M,1879424.1
KmJmalg54EdnwOO9,10264729.0
jNs6R58FVvpwqrpE,4592317.0
ZJAHJQRFXVpaeVIO,6574346.0
PMVzQFZ1oqvNwE3x,5289733.5
QRcgAZF0K0O4BQ7R,9553300.0
BPmx8DAKF5VruB28,6745873.5
mEluLVLmqzdAOkkG,14162151.0
I0qkf0r1CbyMkLWf,1558158.2
fXWUOtuKt0Y8EPSl,1459864.8
dtKtnjBHjMiJhEeL,1541750.9
nnj1Q9FBg9QFjUvV,1756141.6
H0GayXpDlhBrY2TA,9854242.0
PNjSfpx4Qb0d85Gw,46928464.0
Yw6cx5wy3kBWK0RY,6576917.0
oEr6UXkxdBBDicHO,1675135.6
ZlgwB7LvXugzhaF0,4580468.0
TrUv0zHcWpeHWxgr,1420446.8
hvjOty1pbfVT3EVK,2737933.0
hbZ1XXmHe4ImeXaW,1066545.2
Lf7jmDSJRgk6ZeV5,2146073.0
ajDeaAtERs0MbhJL,1860744.4
bdwCux0Qfq5NHfB2,23098988.0
MhmGpSuOGuT952ko,1474137.6
rG2QcEzINh20ueFd,5760748.0
zll3kyPfsfE8hFR3,1677482.5
PBtdE2HMAWojMXNm,1389598.6
RBYtgsncTRmXNVuO,3429993.8
cRIsEIzuDBRQk1mz,1946643.1
Q33FS79BATqeAayF,3600356.0
EMoV5bd78KaV5s9O,9402840.0
cEODIVGP8xuqMYhc,948210.6
FzmNsZ4fs205slZG,780318.3
CxufRY3w55z1w9h3,9104997.0
WqyO9hz09gxRQexG,193551970.0
HiHUuRvJsOoPT37W,1725877.4
Drooz3EqvU3W4ivV,2768287.0
EmqzFO3zur2kr3Ec,1208466.5
K7x1aej6aUP7N7CG,1191705.8
bw14TNzJNkcf0ar3,2550416.2
C68VjX1kafcQPFoG,923320.9
A1jlN60081BxSJNp,7151782.5
UBRkHKUUpyZKy0r4,1537843.4
MfcbpQbU4VatAshz,1247219.9
OzD9n0vOs3ybdGj7,2897423.8
STPrTaxcvZ4qkKbj,1822839.4
hEE1kVUKH51k69pe,5465486.5
iy0W1hBzuLzyzOFK,4241746.5
dIHgXt5189IqjBre,15132457.0
EmCSASr6d9Y52UGB,2845127.2
qivI1irz8SD1Cy5E,8368788.0
fUtzXX3QvfZ5Nl74,3228970.0
WqlvNLNEoHkZzw47,1623337.0
HTPcKFKW9OlVuIT3,26121618.0
V0Af5kwkJlggHtkF,2458727.8
WsO4dkcMzAvBRQQ5,23509242.0
kzlwArXrXhICsDX7,5507596.5
OubP98XrIrpFT92O,4530753.5
eZVHxgHhUgSZMJWd,6805314.5
ZnIFyTNTJS7uwLB7,6369231.0
Eg3hCKZiypoUwN27,13694471.0
ZEnR8Bhi3fsstaDL,6519608.0
ouCu5whSYJJ0Bp7Q,12399091.0
lUj9MV2APu1448Zp,7208294.0
VmRx4bjxYtiUjW0k,1184962.8
sgE7NsMVUbIA0wxf,1289539.4
b0GbwMmL47jwK5nj,5958949.5
mVWFuJFJnZ57Ff2Q,23812600.0
SmbUlWKPkFSX9mjp,9348780.0
AFkElrjbkJve34Qj,2267429.0
w19iD3QyG32qForM,1685450.6
D1i8dYUfwFwY5WWC,1499268.1
ds1jsBUt1OlNugIj,8013131.0
BPrf9qDcOtE4XEiK,4777518.0
tODGAkXuZ3xTDmIz,1128771.9
B23h2BUrhuTqalGt,4681838.5
qOxHzTTOYCijMLhS,14977111.0
ig0ZuSPu3WiQI5rP,3267468.2
sBRoRGfmeKA3PLQq,11826828.0
jfzynYp9Ovam62jV,124377060.0
EdAXmb95lXnwEWaZ,2584632.2
Ui96ev8j018BZeHN,2057961.9
wJYymVx1V5LYhkH1,6203895.5
Giy6QzD5UAR9tVD5,2233332.0
Xro6c0dS0K5tKW8J,5700332.5
iLymYTPcaLQ2Ud7X,1396845.2
Vh1iVhmEX3NaTOLo,4184296.2
zadr7IbaMMIF1QQC,914356.7
nu5PsO0Ms2zYdyWj,1659611.2
y4904sDkTsKQzvQ7,10670230.0
qfC13M0fSKscCL0P,21571318.0
sl2HvYY74toc9Ose,20218358.0
m9P9WFRCUUnQIkNc,6897554.0
bwjxYbx8b0MUy5IZ,5066292.5
z1PWj5djYTb4gMx4,3630577.5
u1B7atMptDYntWH6,1289728.8
HwDfnI35T7hGXQ4G,3731373.8
NTedpkU8QMNlRlxg,2856946.5
WnGqzod3avQpGoll,44213970.0
HaOquitnQncMSsIN,5074339.0
glU3kj83QRikDZSz,15116533.0
XMcMWPPefUutlPZa,3870236.2
oMY4icbC98puDR44,9744900.0
ZynJROBV0L62cIba,11267085.0
H8kzkuV6dDzhCcR4,10544992.0
tsNrlfQr9gdLQOS5,1611158.9
cnI2xUyIN438IODU,11453972.0
JKzYNDqFBnEdZZKS,2742200.2
UsLlp0pyyytiU4H6,62015324.0
uulzrTwhkn0jL3FR,11493166.0
TlrFhYNomc0H2uND,2382022.0
vjLse9TBtFmyytmX,3358007.5
teqtXhCGUIhQiX02,13614309.0
vw5PONhrbBFVjn3e,5335102.0
R4OHrwdzfiKNKOSR,24063582.0
OH6RVwKBKgml8ag2,9976108.0
m5UPhAH0hoDMnsqO,4762729.0
kmMqNqLpGBbJyOfr,32242114.0
sd1S2RF4zwSrugcq,7264032.5
RAwP6zOpzxkK1vpq,1309373.2
FhwgEMVx8gSy7O6V,1692712.2
UMT28G85tA3mtTf5,3902812.2
yDpA7tYYpOLxg8kH,1871854.1
IwsGRugdAAUyjL9B,6870499.0
W5rockHll3XLFDd9,23487192.0
wa0QXXKxbMhMamfY,6668629.5
YabFNipivq3CakKG,5168039.5
FthSCWvKHvymwxS7,3717447.0
NGRzOv5Y1Pgogo5C,37516824.0
E26B29Z7iXeqTg3R,2021140.8
sONMjRX378E61tiN,10499274.0
kMXF1U5iVCAF2OAW,3810288.2
i7WZAMFez2JbvPEZ,12981972.0
TvuRGypUF2Ckl9R1,2333471.2
noVmf9rjcokpARvg,4144901.5
SJc80tW4aiaI2xt3,1485604.5
ywSNblr0DmMRz4rY,3237829.2
eud8rxUPd9K23JJR,3938054.0
ol6LysAjdV9uFfhQ,992241.8
T8UH3x0ywzjDCm79,4089722.0
YPfBdhRtbGg6AMgZ,1469331.9
tMHufScrIGDDPqgY,57898870.0
HlBM6Gjs7nciDJCz,1615779.6
Gu7h2nHrBUvNI0OM,5548469.5
EnYAaG7zsu8C4Leu,2216229.0
k3QSXRABH6DX7Bs0,5024187.5
Lja1mkeZXWk9GIRs,7534686.0
bfNrbYhzQ94p31VY,11387859.0
QNjWEkEIWIhDIRxy,5144809.0
i285tUJt6WdOoYM5,11286142.0
tMq3EaAFFGZtwAqy,1911139.2
eN3inT6ccQHlEm2O,2108875.8
XjkqqpKx0iO5gnJf,10996243.0
z5YdPXQbXNfAFw9p,3761507.2
qX3H7jmSA1tdthdy,2935600.8
hsgsOeCq86git63M,11127582.0
hrE5QZ7Krs3Gw2dy,39569396.0
y5wnnZoITf0f5BXu,5732529.5
pweaB2CZy4Ot0Y08,8310450.5
I0ZzKgzDbj2AXjaR,3318531.0
ZAmMKhNWmQtbysp5,4018702.0
iptTc9eHKn7likYj,5105950.0
uKhy2v2IIj5qdqYK,2726107.0
u41NgFvSHxXPcD58,1950060.1
pzUqWtuLcC6JYHaA,2384165.0
QTfuoEJsH47VMc15,2758886.0
OmOJZerr7MZ6ZyfY,814186.2
S33z9vooxBrZLNu2,57745790.0
PsBHNaCyTvPvUtfs,1293205.6
DbcjMzzeYcEDbE6D,8391421.0
YRyXuFOp0VPDVpGT,2329229.2
xHMNWWozaNw8Lw8W,1962782.9
hbbH4ssddLO8TVho,1759776.2
nOwTD7jXjlHyC0g5,1196250.1
tG7Elepe7U8Y4kny,1479728.0
KDZK3OkUSY4sZN58,6523109.5
qESwF86rvB00itFI,8780859.0
M38gvXv1OhYrvQgD,7880890.5
b3qCUCg2NPndw5pm,1977371.9
gbbGtF8XeiHCiHcW,3267340.5
MXpDuxbW2HWldFcV,1682335.1
i3FfZ3EJNwAunJfF,5517532.5
bVtFeysfTHXo7j1c,2642616.5
Yz6p6Oow6PkdgDZK,5237713.0
aBm69b9c45KjJAt3,9020470.0
g9Ns4AgaKHKdYTRh,3406834.5
y6JYYZnJd9U3sBip,12780876.0
cLfn1xWhmZttOfpW,7618865.5
lcrRzSsbI2MqkmmO,7864890.5
XH66deYIMXXRKSQE,4141874.5
nL8PWQFOdgxcQjgv,4392027.0
aI7t6ZftUwDymiIv,3294047.0
yJQHhZxU3eGi3ADy,4097401.0
MbX9fmZYzNJGr7wE,2851777.2
Vv4lk30oXuMhVnUE,559107.2
VVedymmeM9tGPvPy,10590808.0
KNId0lwqFCfsJywM,3591272.0
K4gOu66az5zp7M0S,10788432.0
rlF5tCWZJbLF8kZt,8468720.0
d2dZKXoVZyo7QMGc,16067850.0
S3SqApl5t5fYYD9U,2717367.5
VmQVCsyKFJjDJVXA,1240596.9
BWnxW3sZqlOHJ1lf,3403213.8
geO9wehXCMgREjWV,16368205.0
n62mrw36qahBAyCz,12505494.0
qD5sjzG7qFae5QDE,6042010.0
Z2Z9NhVhDmFz6ufv,3232981.8
Gx1zNXiWTn0cHcGG,8311211.5
OFzUOj7lrcC9V4uQ,1958648.6
K0N7Te7a0DUfg6nh,2222983.5
ZzY0loCO8xoG81ma,10331649.0
wtGynrSqdSASCdQC,1193913.8
qatj4vvAJNJAj5El,7469422.5
nxXUAF2bsGckpHRb,13413827.0
sOuwI8j6LTNSp7ir,1003304.4
kB3dCQkV0wNkQktb,4057013.5
Msvtm0Yn6yGsXDF5,31078640.0
YW5MFfJlxhc2xtho,3941525.8
ZLFVqGn7UOmEyAhJ,31365378.0
ROs9bvB7C8dP3Lbw,5301885.0
tAZVsiiHS6mprPDr,5796624.5
GjhZMGRd3qve4EMA,1332797.8
naorihVm71lFKrNk,2358484.0
chltYg8G1NZvhZv5,5514560.5
SzqdJf5vbvJ4qhL0,1154992.4
p0UwfG1pjrs9dm1l,4983767.5
l86Ny7dYpu74APMV,4731974.0
Zb6g8q37x2rgxtz4,4373678.0
j3W41PwDUtUXWylb,5171915.0
YG2zbLMZgWlCzVYu,1627398.2
g1H0BaBos7peCe8Y,1871258.0
oRkcEiIuwYapUe5x,7212034.5
NEUfLtlTtFX9Fk6U,1976636.5
fn7Ng4PMsGDdmiBg,1181703.5
rmfTnrqPlvo6RgsF,1184847.5
gH5src7xH6iw6lry,1356509.2
oUVpFiQQGgpSP8uC,45294252.0
RBeufuccE1GyR59N,8043956.5
A7AZzqjEyq1RyW3F,8190243.5
n2uv0Pb3rYib30aI,1296910.9
iKEhaM6d329vFxRp,3888041.5
dEI58r6FYvKPmjZZ,8462092.0
MVxBHY1LAJxZVt9z,4951788.5
KlwYV76LLX1ICDnl,7610434.0
JOlDrZkAOVXeCLxd,19537114.0
GaveY6Jc7sD3JZg9,2757442.0
jGye61Eh7Xdfp9gz,268361250.0
aHrCpUv7VNoBP8vE,1885342.9
VOTV17ZmJfIj9uve,32369788.0
GKIT2BkmrZrdpKBk,4980033.0
XQfmtszuMWVJOkoz,696272.2
nnwT6smtcZpe5J4r,4769228.5
QFDR7G06TtKCPtmZ,23587124.0
B5b1Fwy0bBhmBcAd,4660384.5
lIehifeVJgjMmF9K,909959.3
is1A0oaTXDNp6i6q,1400799.2
rmmOfco6JIuaWFXU,5087601.0
q6dQjTMVodzoU84f,4919991.0
Zc9Nbrb3WnVzNvdN,1123053.0
SeNgvrXT62zguBQn,431471.4
rfPg14lQ4kYD5bGg,2873801.2
tyutwl3EAO8qo3u8,621305.75
u7t8A1wZ4XgojczN,1202462.1
u9cP5tJJ11KTIIZj,5951049.5
epIWRZFzFBcT6NLu,8367766.5
oEJqd8lWTJIVe5vO,3365358.8
NlaOisYGK7o3vBmX,4222273.0
Dy6psc7eqv52pNI2,14989886.0
OMgBFAyKHFyhNG0o,3575166.8
e6bs1a5VyXROBLRL,6821097.0
KCdIdKylTU5h9fLB,2673976.0
s9Oj9ihdzGq2KtIv,3596303.2
KnyiyL8dIQ39rcjs,4792792.0
rtETsgBfSpVjjDdY,2566877.2
gkBekYCVVV9ADtDr,20674702.0
NavDVdDszIbGWwCn,2898435.2
xjcQyhqY71BOf4AR,2016645.1
IigtpFJpvMY8mO0s,15301374.0
XO4Soc8yVU0gGFOg,13496927.0
bz6R7UNt0iz70QK1,6045180.0
J7tBzWp8ovg0Ptgs,16203604.0
uuaZNZ8uV6970wJl,4224480.0
FMCsqmwUp3aHsdqS,1993625.8
JnLpVDrl2bV02zm6,21679056.0
nUgKQ2aEinJAiRyM,2007430.9
PCiW9f8zs1TAvVQE,4839655.0
R5XUYSZn9yMi720y,5647208.5
dzzJzbgK1Ig41tc6,2069400.4
fGO8rwoMiS7n4Env,1052566.6
CnLN2kriyRnRZpcY,5216731.0
Py23xgIILoHQaWXo,984179.3
o3K11nIe5DpNzn10,30520864.0
EpHs1UYmEwTiFlcO,975330.94
ZAwBeYFKt6n86FLm,21983814.0
UYozM2mVQKfajX5l,6308832.5
bupBW7vAsQe3flXs,14228485.0
n2TzcheBTFlBt197,1641022.5
NlqasHj9HHgWNUSh,4506436.5
whpoObCDsF3KSNM2,3412651.8
PYrm85wETr4u9WmV,2840201.2
U8ZkgGdYMBmm0P55,5201782.5
u0CrbLxCSWuZyUam,2093841.8
AyF6z3sWUAr0EgTN,16369735.0
XlQt8WlSSSzK9i7m,617625.9
AMRqaDXphJ1QpoAW,6480499.0
y6SHY5sBPeFd5M1h,17586330.0
qDqFgIdZX8VkhYge,5046372.5
X4LNtZbDQOjnmjL9,1979143.4
QtN9EAkVKllV91bX,12574953.0
lzItIHA9f4Oeo4EY,5452008.5
KLSOchMQjrcZcSvP,1318953.4
egixIZVtAg9OY1Xm,1907066.5
SVUT7ysjqvlghpuV,4556844.5
PH0VNjUpgqpekGJD,5804430.0
u2cvxQwt4EC7oQlO,12383020.0
NXAPR1WXBPKN4pcg,20430834.0
mU7ntyDyP2DULhp9,941914.3
vDVUp8ZyHqeYzZlZ,3366620.2
ihDJVX1rJ3lBuUDN,2282943.0
ZrF99stAYyO2AbPk,2705643.0
WiOPJyl530UAf8Xv,2086446.5
LYL87eOwbCeow1zi,1678497.0
RSE3PGUntAvtdTSA,4770525.0
xbJqXXhEUipcwmTC,10975163.0
l820pt56E2YSuCtq,3546793.2
a5Apkq8IbeL8HJsf,1493871.6
LH7ENy1EF1UiTrY0,24928606.0
pHH67MdtJHW8e3h2,1975826.1
q0Gh9hni2F6Fa3Ww,6230678.0
v73xR8VKmgUVfT9F,3977310.8
j1sdp3jMeQuZEuHd,4824655.0
ije2spNR1RY4gSRV,7347444.5
czD1L5hoMoyXmGun,4794986.5
H5WuVMoQyJSeTqTQ,3234422.0
sFFQkz9UUCLbeht2,815623.94
WbpVktmvop3enhCN,2550306.8
UXHC1jlIP2F8VB3j,3229111.8
KkWXLACMj1M4Nxmf,4465503.5
ONVrefi9M6JWBg8g,3972803.2
x2GjtyleakoELMo0,2490621.0
dAF2UFF77dflhsiH,7927074.5
sgL8KPjiUEtmZ2bQ,2918686.8
v0gv18U8jtnuqSOV,2325291.8
VNg7vQsISlPY3WZ5,1290609.8
IGTXsU71FgFQxZcW,1593418.2
BjavsnDlAUPAHOCK,1003589.56
CL9VxhsCQkLbUyVQ,1655267.6
ZjniZWkG3tKo38yz,3882957.8
gj65i5RTJqM6oeDh,3204596.8
C5SqEhyMKuksIaFa,4562032.0
Vm6uEOrI7xWbtTqy,3455979.2
HKFZursZ2aFRkDpQ,14860615.0
lhiuJ2JcihgKE3mK,4671286.5
xeWNVuFtxJ7Uf5YB,4644943.5
x8AmWLRw64JufzXU,3972420.8
nxmIVXqTby8zeSoK,13142743.0
F0uTFg7VzUmJeDtp,2422629.5
f0a2TJLM987k6RkI,7451386.5
z59Lx4TV7NEHPBMb,3304644.5
EWhxTbtmfQWOkHgb,803856.9
i3vU71BsOgE9oe9M,8538268.0
ZTHrT4doA9BdpnR5,1046157.8
oKLkvlvjQKTP0DLF,1333165.1
MxDQD92Z4jDumtcv,18827260.0
FDl865QM0epzSpKd,38856936.0
Q99kHaOrQG3IcVrJ,977884.75
iNmDtVZKVqYpQVRX,5969238.5
PUDw26pSHzffYDCa,13309363.0
w7npAXe4rMkTaKzC,2160247.5
tR83J1zYYr9TcZLx,7316168.5
WWCgsFL0PDTbXndB,1337353.4
oWzjQGbCclwCkYnD,1849194.4
IqP11aQZI4HmtSi0,5382271.0
zl7bkrmvNSO204xq,2290916.8
EXMSaWKOLbD1EU5j,9968119.0
q2A9JxMBhmaO0qbJ,31813342.0
TIRHYtXVXomLbOmA,509870.22
W0obikiIyPQPFH47,6427051.0
sIbYXzzLvCjKWA1D,2701030.8
wspln5ECDJsq3Vh3,27177056.0
D5aIAB5ym4Y336Ta,3036749.2
GOGWcZPXRCPfIe3G,11969822.0
AhrPojTXyZqBAsiq,1165549.6
FaTfmynWLElrzIxT,1122538.0
tuDA5wW8rGWKO97N,44635344.0
dfcE9g2EtoGXnsNE,57230770.0
HKzpg4CXPwcTkPw7,3989900.8
zRWZrJG0VPu9e4Ta,22178264.0
XovuNfcWo3ulqGte,560447.2
gzIQJV0ehZdZDzqn,20824538.0
UEV5PlaWNlM3rjyZ,39776050.0
aki9VyxJ5Yt05QFX,1210275.0
yal7Ouod4NScIE2P,3646626.2
zerlchpcyCq6mv6U,934541.5
ixI402evOw5okleK,2269493.0
xgtvruRAJe96PqFn,3471157.0
dvil3brcuyqpki67,3531052.2
sqB7pdsnjtsuROWa,3517829.5
g2miUCthio7FY1wo,19528024.0
uxzLRyYoLfS60r0p,4985203.0
Dhak87KWHQLeaN7F,685098.44
i7IDwE3adlphuK8O,6997280.5
t35cBi1u8mLPpe7J,7922034.0
vIpplc8nj5CkxLWf,1945117.8
iwZqHrcZtv1W2fnh,2864689.2
My4t3vjpCiREA2BY,7689290.5
DaEO5s0NuRvkHKOR,8100276.0
uMfHDDh3ui6qf8DN,6567947.5
d6rt4EPoPywpGt8M,1029697.06
RjdaOITS9rNxo8kL,2458062.0
dY01zQ0zGZNrJX7J,3613048.2
Z01xfepYtZ1oTrYH,5010932.5
MXdPAw86GKXtX8y2,1748732.9
zpjZ0JTeST4Hu8mn,3353530.2
XWqr9bFJOj9GeLTg,3813367.2
m2Xfs4ZH4FTsHZiM,4181408.0
mP1j8j1yAo0tHtvV,18244734.0
hxUIPwf8yrBMPaFm,9207616.0
lt7f4QxbmDvVaOzn,2869482.5
KQ49ZzJTaoJI86zZ,769819.4
aBEZntue5Lz8vo08,5977544.5
hiPax8i6y2KPaAZf,1883551.1
dWd82gp2VnoRBWBs,9732121.0
ly9w1WwH6qAfgUGT,21336074.0
np9sffe404oG1iJR,4032034.5
m2Et0uUoj7hXbf5B,2148616.5
u4a42KDdKV6GHB6H,4935113.5
TWRdSYBboHedPYfR,11002998.0
wtjBwOBCVE3ZQMyW,4327771.5
FJpDsEE2ksO67Tg0,5186758.0
i7nm43yqPdCZMzl2,1655073.5
ue5PXjHuf4ySQIsm,2892937.0
BVSPL9Y7ppfGg5jO,20483392.0
hbiZOq6QlmQuSCR3,1384247.1
WLxqs3VBSeS2j3ZL,1535125.2
kNGdIszPduqaJVWB,1440493.4
X4PHKjqvaumELUXz,6786784.5
o9ZoCWU11Jz5Ny2L,725624.7
TFqzlWfZJamXpJZs,636588.8
ZcTwC4bbRZnCTrIJ,4747206.5
CqmbeXGJn1YKxS41,10316428.0
NTlxqUJecFQfTItW,5997764.5
rUfCszRUyq59we8a,1963694.8
B7wpxbgFbmYcQ7Oq,1987274.2
V2CGANnnTImDBza3,3279249.8
HYmpqDfrf6jMcohI,4425339.0
ZUT6KcDDIjXEEhKF,2059982.4
IOhQ54wPclJr9T4s,7738048.0
zzTAQMDS2wCdTHSJ,2743356.5
yb6RR9gJjh7D5TCb,4975817.5
BRiFV4Vjc6OQenwB,6470624.0
eh7ylPRlWomKnSr3,39127796.0
VhEa2oqvy82sHbpT,4659016.0
rxImKIY3mb31erLF,6823309.0
beYspD7zgfQkfJuH,1416694700.0
G6hx9TJKMr5WO7Wp,6908172.5
P0nZdIR6NwdLdK40,25113248.0
Kkn4tpFFYctg3CjE,7915509.0
GCUXaIzmbnAkIu9L,1335248.0
XalRd90VsUa3Hfmq,10476190.0
QwtNzwHYoLFK55ot,3146200.8
jDPNaBvn4rV8ahWn,9501347.0
JsGyKjGOLCrCTdGi,1956533.4
cIv0QDSgZwqzWbnl,699276.06
BowlzaWdJPWITTVu,5902649.5
l2b1FgzmzkemPjN5,19495498.0
nynguM6tE6QBidsY,7163824.0
ewvQBRtmwuK5KR4f,5975173.5
MVn0UKL8AX93TUgt,2846956.5
gGdjqFl0s7khOo3Z,4569625.5
DewIogzyBS9p89CT,2198233.5
vB9eu3CEzPOzuNGp,197953420.0
v0zqdkvGgZDCxoSI,6672777.5
I8YhFZTqMLgMCNZZ,4262220.0
cStiuFLYaUKGc0Cy,2883775.5
M9GaxDimJ5TlQfJI,17953244.0
ijKKudQHMZSJUBMs,49248664.0
xizQsbHwoUxiWnud,1615149.5
JeOY5O9tP0euR0ti,4692768.0
XuTxRvSVjqmZXTfX,18560770.0
L8w9qdfItk8v1CLu,3782504.5
WJXilRt6KHzJD5Zh,9070296.0
M1oTYi85FB30VHYK,5756118.5
OQcaknW69qCi51us,5281497.0
YVYIrACasgt96AMg,22833274.0
LpZgS4GrrFo0CBsE,1155698.6
WFcmtLzlxd0Dhc3o,2362333.5
vD8VALWL4XXUv2Ml,258972000.0
ReXlgNGrfKlcXjSj,2769293.0
u8ZwOrIFue93hhVT,3205691.0
jnsgrcc7wgNMDKO9,23152316.0
Fook3o8iX2Ost3mZ,7362096.5
Q37MpPq4KV4rJfKe,7062168.5
UNtVPlNujis2sjex,13898194.0
amc5ZoEbdEMQb72e,2819268.0
eFJgSN7mttkJ4CV3,9808413.0
j2Z4CsK75DW2bTd8,4102738.5
St1AfKQMhkc6Z8g4,3455804.5
Rwt1bMSfD2tPO5nN,1190480.1
rqP8RPlmDeJRiJ9a,6113138.0
bjD8xiKx9fFNozvB,1724860.5
hDXM38PtNQtqGclJ,27421992.0
WlAdQgeRLZfHBOUp,960480.0
q3EypTeUySewiA7B,6012826.5
v1wFGjIcd1tVCci8,2161991.2
Lsh2muTAYksf6zvu,3464585.5
olV1u1IuorfLEqfG,3365644.2
sL5XMqYqcs8EoMSi,2288643.5
A98OXGlTKeU8ydXu,10923892.0
lmRIGIya3POMLBMR,7264829.5
y1b2asJGrFH1yx1d,2862493.8
TYIfl7SGrqWCryxD,18168476.0
cYvr4CySYh8VCPwp,1332214.4
WXf9BGdA9qAu6FSt,5231532.5
fn1XozX9UHG3Nvtm,5468286.0
gUihq680EBC2Rlyc,5805803.0
QLhu2H40n8apzx0v,838465.7
dZmN34B18XSzy7JB,5962104.0
uHuq5TvUDpqAFoI7,14797993.0
F6Z6it0I9IADOYng,8616468.0
H1nk7rylOIj6bIcX,1591934.2
bDm2VkShwflfzYS5,3173018.5
JZEa6bDeOGaKXcRq,24935312.0
CB2IKNiCmVw2aRPF,1121732.1
HnWueU77zxOBiA11,467406.9
RsrkEDCn2JzhcQ2F,2205421.2
GTn7m3kw5BT3K5pF,53018930.0
HzTi33QDzX2r4w0V,8147606.0
bDoOQt3gKSoqEO9i,5615453.0
VilcJRafTXBhZIew,4080232.0
SrqFNH5UDbOBbqQ0,1748898.0
QMzmF8q0BlqTrh80,6261605.5
uyHuw8J8fvMvS1H1,11240383.0
k9M8n9FclII2POpx,2806662.2
KmrQIkeLyyjeP7VR,1884345.2
LT0rQX4MvBSJnDMX,10082101.0
pWw32cy7U7gDaS5I,6562901.0
RaL6JkNVtT1qxuBo,6819945.5
CFUQXII5e0a9AA1C,7948217.5
LX2yvYmB4pCr7nwz,3230864.5
tpGJSXQFrMWqrlf5,2014304.0
n8g2LjjdEsfz8TKZ,600453.75
rKZ3v1NjHHTRDYC3,3980623.5
y416Fzwl2QTzHkpb,7429751.5
CGRgytnuIBxyZw56,2426660.0
eiNLVWNGL5WAyHP3,5999429.0
QckJRR2ZQWXsmTGz,7070848.5
vzDsPViGZBp7VGdn,961867.8
yuvpJ3daJFiGDqGx,162878020.0
N0J5mGgxel4AoKJo,11050720.0
Glv37KbLYQ3J96PG,1509758.0
waKL3s2arq4ETwPL,1735493.2
oonFtkoBw6w4rknQ,772854.5
ustmH5Rd998iPl9m,6994645.0
JUrETBhPdKxD05MI,50719130.0
i5OXbwiuoTZHo7I2,1246769.1
qNn1VidSvlDAXFpg,2633855.8
hh4XQZdeVBg7dYxu,5462521.5
kyz2Zl4AY9wd5R6M,1954368.2
gR7nbUitykM8Hnen,5468046.5
XfJZTPNLTWwyFRui,16479663.0
dHUSCTJ8i8rsCZLC,19345886.0
eSuhFiZsNKC6eb17,4473069.0
eJfjYqe2IYurZlE7,3966973.0
ANdBbWKt7bUUUmrh,64260676.0
LAVY63oWobDV0nmK,2493706.0
lXMSxNpUfj5VKHWA,5491196.5
q6pqkRNZ8ALYeBTK,2159514.2
oDqxu6G5n8vOklYM,4900997.0
ZqTXO5ZPW3ZUc44e,6758920.0
GucGJyaTXkSzb9el,28922434.0
M5BRYAACjQwI77kH,4821145.5
Te7QUGQiLgpL3Y8o,26757094.0
dGsmFK4ejatxQnmE,1656777.5
giC8a7pVACnqBXNv,1935449.4
dsODLqOfnhVGetr3,47951076.0
ca5JErboccvQMc2v,1124306.9
m3vIoSJh5SUg4iJD,2293139.8
G4bIERa5Msqvt3R0,3909499.0
QVol6jQPf1YA4jY6,3797649.2
bgy9SJCs6NdybSTH,67722410.0
SfFHXMlJ2aAzccrg,10729720.0
jKmyPaEKMXKJ8OeS,2657578.2
Coye4R6psQ0oAveA,3362375.2
KCPvY4oRlpuubhPA,7604318.5
ATvX0PM50D7lyvRH,37434548.0
HWaiFr4aORKcHzPn,4537538.0
EAz2IuAQ4JHOMQCV,6346869.0
Hnm0STqY3oyOveyK,1760682.8
kKGoSiMLoHBhVmP1,474279.66
kMWMJJpsAGg8ht79,6760254.5
UItKY0JInq6im1Xu,1947540.0
gSiYBi23ZQsl4c9N,9578899.0
uhB5BzaC3nhyZe5I,2119636.8
w6WDxL1CtgjR0N69,3231893.8
KmswnjrNEKKvcFQ3,4622371.0
f0FjkAToqZcuBaKI,1015955.25
A0egeTg9CRMLFa6l,4826431.5
GXwnGmhDbVCBJ4OB,13674530.0
LkjzRvXznPGc4EWi,34488756.0
EdogiZNtVxkfR6Si,5437972.5
ajsL3TjiLppKo5Zk,933067.6
oTZZOE1XLpnFwPuN,2027138.5
yAfx1ybWBD12ugoM,7291281.0
o2DOAKhnQSi9It1e,4583229.5
I3czfLEVQN7O4mwS,19824502.0
UXOEFC53piwAnaDg,1357117.4
hMnQ48AOsZC96anw,11426238.0
kKQJevk7dYFPUdBg,6225006.0
caXpAVxrtj2pATF4,16283258.0
TKIs6ZpivZxQXZfo,211556350.0
AER05qULuD23SbyP,2585322.5
glIuUuV8sjOaWx5V,3432569.0
E4aWEtFCVaHACPgC,33094652.0
JtkUB6PM1Gtc3rzf,12310064.0
hQ7jZjA9NPaz7Qnl,2873642.2
Rwf35GQhK1tkPgnO,4671598.0
DCsYPtUi3SLNzMqO,1902390.9
OMonnOpqV8PbI2bI,5374264.5
OQYSBEokWu7NpSuR,1087539.5
LmgWjQ5luoL3o7jT,2129128.5
Y4VVGUEsNgsOZc3L,3852354.5
qToSawCV0cGF5I7t,58557236.0
nTN63o0mIDJQn2Oz,8030022.0
tXh5KKXzzbVSxLGX,2996342.2
aVqYt9NxUpgsrt5E,15603346.0
DLw3KGYkb6Doet2W,1413023.8
dGFNu3smjkeddTRO,2446245.2
ClTLs8VDa1ypOrW7,3969436.5
g4TEsFZGP2thrGYH,2238253.2
mnAy6sJwxf7VQAAe,19829002.0
nqoYPDZXtAfP5Ee6,5012710.5
TK4bCG5FLpZ05mOq,4579738.5
yDrBJzgoC4kFEwMW,10947879.0
qyC7TrWMNagdeGWq,1204438.4
Ig1XSUlwbav6ud9r,1949463.2
hOB8OkAdIBEdFcAG,1323176.4
wIjmt7z9CVcgiCu7,6400626.5
VLxYl5WYeOrurqox,3236696.2
ry0jJlkBTDeihinm,4741279.5
PavQmVBoLJTCj7cF,2796520.0
Xcq4P4LrqYC9LVFX,12141796.0
zKB2IqfUZb5CQ8eo,364432500.0
MUJ6FJT24jOMMP2b,5922091.0
y1wLhkeTdgj2XGfI,3853806.0
xen7zntzvmYFfHsE,6589869.5
b94tflrWzQwf0i2Z,8615022.0
RtTxcOnKir41gZtK,3298344.2
ZRDqNiqECCzw9CE5,17310112.0
qsuv5vdCKh33CGZf,1729545.1
nsV6wh0fe0d3bq1A,37392520.0
t79OmEOYeMct1Eb2,4368992.0
TeawLt8M5VBuraRN,4480446.5
buROmUvvU91WrwFO,45776624.0
n1oqXPjv3qrQ0d8S,56958520.0
H7nFJpBRRO5HYKx8,8062981.0
hWn0mqDeCDe5BArH,43042548.0
dA57A6cy7VxpM4Qm,2135122.8
VuqvdKmrzOrPNtjS,3821034.0
SYMEGFiXJwuj2Swu,2424277.5
wYLUXu36lMlvnAQV,1202232.8
gv4kjqYvjyldXC11,10505925.0
XDlkGE1cfyyQCaUD,4942395.0
BcYysmsmP8agZQ3x,8712193.0
YHq6kc8kQFtQewan,992611.9
LLkPCJ3J6QgpOCD2,3261830.0
ObyjqVa2U8U1NdaB,561592.1
PBWfadoXWZUZXpf2,3812894.5
wL9bKAXZZuh8GPaj,50931136.0
pprX7Irc15NYdzOG,6178100.0
A11ESOmOUlXg0NwM,3231718.0
al3YT1RlzyZNN3ZG,19304050.0
LK46aPBobJzOgF80,1862498.5
hdolC3EHZzUz7eM0,5173528.0
cG5Auo90cij6wuRs,2827372.5
NwGZ9tLDMIWb9Ctz,3318657.5
u6dHgYQtetBhyheC,2391144.2
IDNXaBkYX1oRVLMe,4616388.5
je3A8e6UpPhNC49G,728240.3
JSNneLGlKMLS1m7U,12232055.0
gMkLw3Aa3x8oquU2,100637190.0
rK7Y6hvm5qFZh2ij,1474452.6
dUEiSsN8GM4JgySf,14039188.0
NVFck1MwW1KvObFl,19424196.0
pA1LiULgr5vNcdHq,4820520.5
I6Uka97Q6h7uqWIO,1684441.5
XCnMZhzRxMB7eJ80,2886086.5
HdGBIH0N3w8s9lRN,9451821.0
BZAvtPYQMSiyXb9H,17355736.0
mO3MiJxs7aEpZN5p,2977825.8
LyFPLeEoHKwldOqe,1698128.8
VaEiiMfjB19MMjJa,5153737.0
poLZMKSiM2WuLDr1,24048806.0
y6b6sU1Mx5lAMqpj,26337942.0
R0eiyROVCCxX66IA,1656763.2
KSyOHTSUZ6XzR7p5,3008012.2
HOFMFV1Ht1xfUYT4,4259441.0
JXMZWJ4YzoDmIiKC,1263224.5
QH82nRCKBkdSYe5L,34641644.0
vZAFjy8jHcZzaVKh,13024035.0
kL6DhzLOW1Du2PHY,3606194.5
RR9cjnFw5iHhpyeU,72200210.0
jXtnPjzrrfPMUhDk,4898319.5
YfTSI3WN07mQYkUL,31740792.0
EeCJBqXnQnMMksdw,6385713.5
hAtVhylgQW0uJn6I,26704680.0
TN9IANJLTRKmGBg2,5953825.5
z25qGI1c2MGKy2Ox,3549039.8
ySjCysWFTa9elgcl,1954804.5
A9crxLfmX4lutfxe,4875036.5
RRYG89ki84DQ96L7,5151771.5
dxh9XbVN0ORiMe2a,13672861.0
lniYAyzJmdrdSp15,35196570.0
HvrGne1UWtP0ONDH,941141.2
zj7sDy4y99ByIFTU,2727563.2
UndndyimJTKz4G24,7259406.5
MFxMhLxATGvNwczn,987627.1
zUOFIqWrV5w3PBPf,3495140.2
PWZh44E3UC2oFOxz,11648734.0
doHyN8GRxNq8dlg5,3583171.0
OunC6IebvFTlq4Oh,3976757.0
veSqOSBWia2kOzsX,4013711.2
o7Jb2q8E9JjIVFhW,2350113.8
pw5H4Xzr6u1E3DpJ,4160993.2
zWfN6VSeWnP2s0aY,2747616.5
fOKwxl4JI9XNlFcK,44432250.0
eATuLRHIyXJ0jtb0,20324610.0
cIXTQukzC5Rj0jZ5,5478224.5
sYZG6MoZzQ1i3BgG,9360521.0
Qno3x0oxLWs1PCe2,3115902.0
gCJYsb3UF2qA3X4Y,1806351.0
mGSBAZiPfLX254xy,1169428.6
iPwh2wLKLbH2fKNB,40636680.0
peDMaNIZfawwzmQ6,22639126.0
hB2YXQ9xQ9RKy3U4,2129380.2
eiwuxJ4Xy0355xY0,4146775.5
dlodx1CVGOJ5225g,7336738.5
sTN0JCBfZbqMVCw3,1796107.9
QBzumUTmvJkJSbhG,3850187.5
SHG40CzMxpQ2WIHn,5824486.5
YFPraJO1xGfg4TER,4793249.0
OxAwDggVgh4aYo1t,3701029.8
idcvU1xiM9903diZ,8536761.0
LxBOcLrtycQ696qO,937983.56
bsndUgjCBrKREmER,5308826.5
iUMxjiztKk3j404q,3905522.8
BQ31aWLu12cVUWTB,10121387.0
mpHaoetDfV00VrZ6,84354910.0
ZAH2byWxQesqp4Xd,12509215.0
c9SMuflzFapLXw1I,1171081.5
lPvIp8TB1DDPbc7U,1818398.0
kpMCQF8igYJEMsZF,2700806.8
xwfPTrh2SgD4n7Wm,21922430.0
bNDEW5BGfrV7iHta,892611.06
k7ILOtRUrAQZeLdJ,16709099.0
SLyTBu7IL6dzV9da,2211210.8
FlUrelYkRQgVmbpB,4387359.5
S0VaqRKnGBBifpzC,8452430.0
OmIvnVnXlaGOd4pR,21203738.0
IE3YkzsdiyXCahW7,16133261.0
T4Kv3zkrUJMwpeyP,7202419.0
z61QhgWBE1TNpnA2,34288900.0
HaPO9XsBEgOtSc4I,2847505.0
qADITYlrK9mBvPcN,28928502.0
ONr7S0SOZ09RftX3,228281040.0
GF02fXJsCcujHRJP,1430632.0
GG99i2ukiyQrJQdn,2222835.2
MUNizsaHCjUbnjOX,65411470.0
oU5xyeppoMMjWj3Q,7428710.0
ehAkreHavpGRBZqx,5502677.0
oktx37eMXU1IfHIR,4128785.2
NKP3GYnsfUzdBmJm,47935170.0
bKrwJDhuTLD3RUap,7929252.5
NrHR2HlLOH8DSmDH,18549976.0
JQJDOJHAajNE6HZ0,2423586.2
OjN7iN7zuOFwBEpA,17712466.0
EhIO8f4LvxHTRocd,11557686.0
slgKsDhx3mqZIgjP,2118553.5
CvlAcD26htuslRtS,14551881.0
hWQfMphPQppfLoWw,5222993.0
i07pgLqKrACuGemY,3110041.8
jVhGcRdZif41SAsE,1345082.8
dnwyw6Kf9nXXe03y,22095424.0
eZvVl0rkC8kqgzO3,1910590.8
ipxNtwIEm5qYSGsV,5770821.5
u3u6BymcHixWzBWw,2618932.5
BQEdCPrnKCOezv2Z,6569138.0
RwS5JKSZBZ99EqEJ,40901924.0
h0rsJzvHpFn0ZGSm,30621740.0
u1XNNoOV9UtPEFzT,4123040.5
vKwcKjFO67Pt0mMu,13439667.0
tkIYqCg3bobLeaWu,1301170.0
METHgAuUkxver39s,5188276.5
vuCn9lWo7bHI9ZJI,9860503.0
N6lgZIKTbl2EsyTG,2073363.0
HOlx0ikbh08Mm6iR,2742556.0
LVPRWu781ksqekQI,3585646.0
hNBhG2ciz7NtvB9D,1041529.8
fvoiaVUkwRiHVOcg,4441375.5
GKB2Zixb78Vvxg3I,70699150.0
nknVGnFVenRGrCrM,1312311.0
rTc9KElsqKuTDM8f,9484020.0
h9K4Vxq0Eu6oYfbv,2798769.2
mDUK0RrPSotSGXDP,5302972.0
GEbJLgkiQvCYRgmo,4738585.5
DnAbgBIR1IEQfV40,988512.0
YR7t93MEer16P422,1196970.2
CygTZbBGRcf5msQ7,2647528.0
q11I111xv29C3jKf,2388117.8
MweznWFO1x34Yv9n,8925655.0
NQBYjda3vLu49Ore,3639011.2
BWGjUuotv5xrEuNz,1990219.6
HxMTxuY2TOjedD79,1938693.4
D9vucCkHXdt7ZkwP,10538116.0
s5iFA2I32YNFEGPD,10580935.0
TQvtsxUznMnLq1XJ,573737.25
YRw8sbKPvGGu4nZ1,5163955.5
zN4dmHu6CnsjtWHJ,58813452.0
JEh9wXeCmgfCPAe1,693672.8
cyIFZmvwltf8bYQq,3573217.0
XE8qqfx4z6vid1t9,1497025.0
kHu7kN5ODVD5Xojz,2067303.5
PuhODxnnhkR5U19p,4923859.0
VnENEcV0TI4RivGt,12577328.0
TRM9wqEQyTT4AVHF,8373546.0
y5N40Xe29Z6hH7A5,9748730.0
bi97ZdALMSjnJJ0Z,8848369.0
lCcbdtn7ZKz7rVlq,4404821.0
Zk8qgd0qodZi1JAJ,3745860.0
yVlk1rYodzxLx5Tz,31617710.0
Ro6NwsDkGTrSU7k3,954526.3
gEiEXZ1mKRvM2QLA,14070982.0
B0lCuGNQx7XN9aSm,2728721.0
R2QOg9S3blaiCTn0,6574289.5
LYLc8aNXhsZbW7xL,3853607.5
jlXQFfMj0immv8gD,5522691.5
xPYG1fWUAM8D7QFf,1666014.6
JWNyOVjSC59kHhzk,537481.56
t8j7JwBiAPYDDoRx,3161166.5
jFIFaskkg4gZuZqn,1893090.1
EFKdOX4gNgjqVoZ7,5123207.5
MnkOLDWr6I5kHsRM,2619639.5
vMg9rdxbVh6MJ49k,4174746.0
AazwFXLNEYQlCxqR,1989232.9
m8qQ2C3rqzci1hon,7439337.5
RexzYrri3U3afAdB,14593323.0
TwlrZzpn6BH8GkVc,1040200.7
D8v1m2nNb9CQJg9v,3943420.8
lnsAYTmrWZcNiaoj,5579287.5
rnXtrDAFgz7CZwSe,6604982.0
UOFjZXop7xsO5Qqy,917643.9
PqNIHE3CmTKBkgru,7478667.5
XKr6LPzKOpqrRl7H,5789823.5
RrTV39PHMTbSFVbK,2581555.5
vwKoKPaFrhXknP7N,52707268.0
d0YPZNUSfFO23Hfv,8248035.5
KPg0z9GQ4ZzPomK4,5406140.5
Nxm9pX63qdq456sO,2281983.0
b2ENvty1BF3nraiZ,5619428.0
Y9LtoclWJUoAzvAV,4774539.0
cRjmapKABjJp1DdZ,5574453.0
S6VuUQQZYOWIqspv,1738874.6
uTVBS87UL5124qqA,1278701.4
X7RE8ypcH6nG7ggH,6514946.5
phoq28dTpVVsdeFm,4059482.5
KzL01rDCSqPSmzXO,6414064.0
LFea4xaIYIX5Qaoh,9476407.0
y8C5kMvABUX6FcXU,5454593.5
zpPoKu8cKAGaqQiK,1411600.1
Cqx66iYnSzQ50u7Y,40031092.0
Ng8HdLZEbsJYruCX,1155189.5
NDbZ0XzBieAfI2E6,2771583.8
ASs6J8F7F5cckGYo,5246021.5
xlVXgcg9ugTC6Z27,176847950.0
cese5cJtMrD8HYj5,8298840.0
M2qYMcTHrVjPehhB,1354155.5
dCLxknstH8TSEXm4,20205252.0
FbMgrO19eHYrj9L4,3241366.8
EE02TnwvYl9yZLx3,74150600.0
egQIqs3X2f05ruGn,43290948.0
chzTyvtKmHSfOVZO,3061241.0
dneafa68ozJUWuJT,4971752.5
q1WfKLi5aeVU5qe6,18352336.0
W3zRABi2TFcjMGWB,50487196.0
inIhPxh0vQbq1SIG,6101448.5
TgEQToOR9sZEkXfu,13137330.0
RxpBTCqVd5WzT86I,4979396.5
nD3q64TvHwy6rlYV,919757.1
HBSeO5tCCQgpHjDj,8137503.5
jCI11d7cDcDvYq89,2457298.0
xVV2UZWKMrNi5eZT,3983057.5
Sqt2UOFlVbDW5pqc,16959674.0
hjXeNrDUPYQGLzAu,4890594.5
l1xWplqX2wZY7VTY,7714057.5
letfpCFqIf95Y4VE,3094397.0
EabVzMuAQ041RZQ9,6323325.0
y7wNywV6wipGGY9j,2014342.4
b0FxNOTtoi3hXMdr,1528045.5
IZBYhKqlrs1EigZA,4536504.0
cgKYsIMEIdDCqOQv,2309996.8
ZUdMJ8R52dkXoRxY,4470932.0
XdHDfKcSuVMuYMun,1019249.94
C5FzhEzuW7xjl6p1,20974262.0
eeCXKfK5SYHHbC1h,6914651.5
Pnh1Dr31LKvDlQvv,57508156.0
meDdUglCrhP7pqYf,3134589.5
gEKfnwyE01fXqZKl,75522720.0
CMZLu0xGzOT4ApzO,4321156.5
AMIHolQvxLWSFbzS,2634903.5
RgOuOTsByHbjVfFN,5074508.0
lUPUoC7ngFtjRIJC,1077987.0
G7Zx2qfIgYZulKxn,13660218.0
a9wgWfhobtS8DmRs,3247502.5
KtW0P2CfatYzylNV,7686299.0
kQdarjZZ3cATxpvn,5070362.5
KrrSXWtz0y1bncog,3972451.0
pnbeeoUyhMGJJXbx,1132043.8
WXxBzLbPj22oDnOo,31914596.0
zRh7qXKhN68NagIY,1581052.9
bvVp4RbWC9xOwdGN,1076118.5
kREpahxYZXTRA502,4523893.0
wEMkk1LDPGjQQCmw,108856900.0
EkGQeQtRe8p7O7uR,3271159.8
lJ8jLq0335aTodNz,4944738.0
Y8dnyTS37G4by8cS,2954691.5
l8GViCQFJ0uxiyXm,9679915.0
jiyusVu03uYFjTF4,8425517.0
dszX5REW05fpUAT7,1755893.8
v2YBdIzOjeLjwOoL,4729258.0
aaMijEctbNcJlOK0,7970093.0
xd4sYRNLQqvlv7dY,5533288.0
JtFcswnEkzeCOv6d,1114358.0
f4Wpm6dP0sJojIpa,1060809.9
nebqqnQiopS1DM1x,10021765.0
Q78Drl7ZT0w54O2W,2402002.8
jEaZm2eCn0CbrelW,35629864.0
YDJ4TBzHvj54LBDj,2564298.5
qnfmexVSRbrBti5A,1113011.2
JZbvGLT1N5iDLLr7,11826715.0
aRMnR1QYxf9Ki0YI,25079790.0
qmTcF3h469BRn1XZ,2970879.0
DBkWs4U82ocU4DAD,7335402.0
WDKcFF5exzj8CJpM,2526276.8
N4FGzmV93ZWZ41af,8085750.5
XtVNS4xauObASAPL,13577226.0
Rkt3Okpnv7zYLn56,31097496.0
K2INJVwGtd31hU9j,17390032.0
BIwijOs1Hdfq7mI9,3037626.8
H7KFZp44yPpCwwKJ,4905851.0
pJp903BDaHoRexnx,21562064.0
dLi9Xk3MptjKYQV0,53398184.0
sLUGp1ZLs0JX6HBP,1830324.6
azzG0H84fJeM55mo,6444783.0
gFFev9wh9xWpw9SA,5580708.5
KIrmJSNLRReWM9eG,2438989.0
od0EKjVVcijF4dwM,24078548.0
zIoAaixPHqsQIMUY,7426294.5
V4U1rQFhKt0oWhxr,25785008.0
obJsla6FI7EjBEIF,6933517.5
Wu3gYGeMAqBQsUEH,3771086.8
GLzI31jZJcfpiZpB,13322291.0
aBn4TjV5buEUhD9n,1413966.0
XVMYlGh1qzeBP5hT,1426626.5
GwDUslnrh1YihP9K,5787543.5
gAxORLp5s7Bj7RVt,21334486.0
nwbwWDKRZnLWrtz3,12143788.0
SGEoC8M5JStjdeNe,4235800.0
Fxz4e184ANc193xl,22357582.0
IXQ9ZY7yjLPReOG3,2012071.1
m41DXfgJ3OkhGssr,18418824.0
sElK8yG4uy9C5C8j,13956209.0
nVi09vVziicht7ub,963776.8
TotFd8EFGPo5JL4b,7347921.0
yUGLkcFZKZ2MYgt5,50954844.0
UArMQRWstQ5N72jT,2370202.2
F7qX6uBCkw7X6QDi,2355968.5
EG1fv8DwwQZTXfio,64830800.0
MD0G8tHVHCayEX5v,1451157.2
omZ20ZVKaKpbZZFq,2239538.5
BaYKRdG2beJC0luh,4465584.5
gW9QNxEr09UMOQWc,13676408.0
pu6BK8JNeZFDhkCu,2785444.8
TTmXK32QovY0gx3q,4041882.8
HxDH1Xf6dIBLUu7Z,1329655.5
l4mTztRHQNqlNwC3,53504212.0
W8nHL0g6WCzw0MbN,20317438.0
mNeiZa9BgJYx6uPx,4868560.0
npnngtmxfN1xhTl7,10177721.0
eH3d2ENsF11DFN1o,5697832.0
OZKMpIoxUXebULvr,5009958.0
FMIIKwj5zZC369kd,2265360.5
Ir85WHRhUzITVuAR,4283295.0
S4I28EgaW3l75yhU,1761662.0
XxUQapyAEjtGcZYJ,5950414.0
sIC3G7sF5MlGnG1t,792799.3
wNjuwKF3hchkEGyn,6805950.5
n85bAb0A7sGgnAOa,10128378.0
oVas3qU51nmOueqp,2479851.2
eEs4c40UtsrvvjfC,9748432.0
bHns4iur1u6JH4du,3547693.0
vmRiO8Kt27APKIni,20649362.0
E4pvyQBn6ZNayDfm,10870040.0
O2Eh3EB4i2r8r0Vx,1990058.4
OGdUPoKeZRv1Iczx,6406556.5
yjhYd2m0WRM5FqYK,3072164.5
xdlH7H0Y4sPioXFV,3538249.2
OHdoFDRd6IZxSM96,11913086.0
pFy6YxiQdz4ZVJDZ,16908576.0
DxdwwCJi44AibgWK,4454941.5
NzgXMfexjkbrtcNz,6050844.0
nSOc6iSrfK4LTZ3t,2063421.2
o1FPOSMGUmBBufWV,4195420.5
vAMJ41jp9cg8OdrO,1227575.5
ErLDMKVIKA437MMa,3385768.2
jLMLv2lecu4BttWu,4401784.5
XgJooA3y8dCaYSIy,3997198.0
wrRGzRA3qqP0UEpd,6945317.0
ZXcv9wVKvyAwkSHD,1773630.9
d8YiVhNkg9RpaRi2,2466687.2
CCw1jv5bpdvAkTPs,11840438.0
EfDTOt7WEDurMBsX,1913723.6
iBd1v73JFVcsfO98,29642326.0
m1RFnopn8TZ2KG1m,2559075.2
H6g8ZKUzhjsKrGqE,1154271.1
jCvNY7V2vLMk0FtK,22931868.0
cacrMmoxML0D3QRF,5630054.5
ZEMGNSI0T5lXyinM,2662649.5
zXw39B9NoUXymP6o,12176677.0
aD4bNOpqoDQdpqkk,667132.3
GlTc2WOHW4J8GIe0,6490976.5
gQzCRxUgc2wfTI2Z,5282333.0
iNxi0RS9DgbrItcq,9693901.0
bVQxTpXSL82sUU7c,6658792.0
fmkSUfwiRHEQ4LfX,4642645.0
SU5itRopsXrODSWf,19644806.0
miOdyzWraHnVpxID,1830200.6
ET3i6eJNVo9vkuAT,4574086.0
lez06oplB3meEi43,3678635.5
IVO4jk9gnWaIWCnd,1065947.4
f76zdTmNyaknOJi9,4636857.5
CTmi8jafmNqNn8DV,1873175.6
WTsVTZGN6nXgYKd4,1715156.4
NYuQnwEpG89cQ49F,13138307.0
zXhfO3i4sjLmjnfq,30995702.0
sTL7q6TxCGTLGwrO,1982154.2
LSOEyPkFQBTyEePR,976201.0
MtFp1GhSkbpy5LvQ,3496710.5
nQocZgcuQow4S8kg,1660073.5
PBL98Z9s2o1kFwon,5173602.0
pwMImXvfQjciSoNB,3315930.5
DTYvqlKUlJZ8ARsY,1487169.5
xgu1E81ZldDxgyVL,3961332.5
URawEN6u9sSib9JC,7415770.5
Q6KWKJVOOpXDlDW0,2750862.2
OKVm3kaBhloL3ywD,3954206.2
u1LQ5GAV8olSxBmD,47574836.0
BhtWJ356SdhLWgJ4,4839549.0
UIHGSCLujsmTlAeC,27046538.0
r0x94ASnvNhYqnh9,2396911.5
zcdtl1ifx8zQ4pcl,2969077.5
fkaNGgaKk4gdMOaP,1302891.0
fdSXE23NaOArkP6l,3165966.5
sl81T5Z1FBKlPTrQ,74421790.0
UTikL76lztKPnXQD,22241764.0
bZlSmQ7CG1gszmGp,1012793.8
VxszOPCLDCZ7lILG,817702.6
likwHKyAoSrgdULm,2227869.2
BoGfctP6vjnuAauK,938221.56
bNJ5vAkSjcziSWeK,2167236.8
SZWeLWC6k82dDHed,1586411.6
fhpHEYriTJxf0WZ3,10386697.0
q96kqHOXmGJw8Bdv,6742413.0
iZYtl4S5OBVl7AJp,916498.2
PGMmwf5L0xhFgEx3,3016785.8
nwWBAYTQv7Htqjjx,9154155.0
K8a1OJbSMVRt1BBR,1524129.1
uwOiYGsWGw4stqr4,890183.1
vME2QyDQCAB943xl,23716506.0
hGBweEzptHdaTvXB,9611897.0
AdYLZh8wdEPBSSIo,835384.06
yk94dootyOlgrSOA,3867417.2
oiA8JTrGdraMefIU,1477218.2
gxSv6sL18WYa0QIb,4392274.5
GvTnCbB7buNRPra0,717856960.0
bVFTre5UJ3LriClZ,4530339.0
yViYwr89ic3XTgEU,1176807.0
khv9Fug6Y47ZTaBg,892989.06
j0i8bbCiJZ7XXiz7,2714166.2
mAyHdTjAAr5modVL,1854757.9
rY072qQodM66B9cs,2908644.8
XUekW7WfQFTZCNkJ,1621497.4
NQpwYg9gwRCv2xx8,1072204.4
JYzSsSntsQX85cxY,1495261.4
j5U0AwVo1tb5kqxy,26107472.0
WEtb1in42j6TSEYm,11344933.0
b27a8zNcIRVfnEfu,20174482.0
ovijdqw9NKBHgitU,44909724.0
xQlOpecNdW8PxXKa,8668889.0
seMtc4kaukYxuCqM,2182720.8
gPVYNdd0VfEIPMr0,15206236.0
N3jDVmjbE463pXL4,3462214.0
f9RLuQ4CRR80b3gC,4518943.0
BbYKIaq4mJX5oRKq,1217606.8
KJeB60bdyhqR4xU6,41028188.0
AtFEmJpWqqZxXuJC,1821108.8
HhqecGNnOMnqsonq,7266298.5
uQEcoaPlGS0fKjFU,3714682.8
wGtLddu675XT5j4O,71667050.0
B8wbUXROGRcZD2p2,8954900.0
FBEB0BfcAxOWhEg7,1312215.9
bvJBpLXTKze7SLwt,4887834.0
VnhRDvXXq7iWWFnU,58756940.0
KxDxyEsbwXGTey1R,8829504.0
AcotzNVRpc8vXVhn,6332401.0
l2aMjJyZPWp41jFl,2211109.5
Tuyll1OtRfD1nb0b,8936677.0
ezhDYh313IX9Af03,5263039.0
Pitecdp37X9UqEYC,4487836.0
pqnfCqQLS0fXjzaL,3710618.0
YNT1YHS0Jw9CgW92,5750401.5
iVGDhVdJiCSNvOkL,4957283.5
wpqwjn7VktPRllvk,1684145.9
JnWwEmLypONXmLQH,3389153.8
WCeJaKxyNDkTIQXi,8729326.0
AHvo4IKbzqNxZCNx,1355342.9
M0ZH508tm3XkOsDk,9101698.0
bNOBWXCcYQaDErvg,2112523.2
CVKJEL0pmw63BhlA,1617734.8
NArpT7JaiCooF8Re,4001404.8
QFprda6KxxrtxKdR,4341835.5
jfj6UwPoXtQI6r87,7538236.5
R0SHa3H0KjB9yHSY,1165900.9
Loz4fvsdsgDpRdnR,14370610.0
Xe4fKWPiZHiufgXC,3578537.0
FrvdhBIAYCxJUipj,990882.0
isvT3xeeHGaaq8kZ,2422585.8
L3okC9mVUHy8VkuW,1591544.1
u0XO4fWob03dZU3A,11060314.0
qL0K3riJJc3rGwkh,4647854.5
inIO0WTrE5QpFjEi,11187083.0
rVaphE1lrVXP6oc5,4135492.5
eygBCqH7JHyBuNyi,1022047.4
Hl57lk2xfXh7nzY5,2691131.8
K4n4hU4bgbwEA0w6,2283892.5
l99wWLmjJ3nAVKFS,12376432.0
m8OeAfRVAclGlK5P,2567298.2
NFoQTiavCEYGgeW3,1869950.4
YlBDS1XFatYQ3Yf7,594264.75
xR1Yhed2E2JHy0ny,38526172.0
s6wFePtqXypfJxxT,3282344.0
zm4BJc5T0kPCzf9o,1063095.6
BzX8xGsaHCGuCDh1,1363445.5
ifm8mflYCaGpZRZL,30573650.0
fiCK8Npj7pDl1wva,2308640.2
Z7r6JpwH7eMWYeqV,2722999.2
qHbnq2CoF0lPpt0D,848275.6
XTGxsPYgNolOdOOP,881229.7
I4rdse8kpoGN0fd0,1902770.0
gzkWpNOm4GiWayA4,816139.8
WI5wbuY20AQ847sq,1290911.2
OHGOQu9Z2iGWrEBY,7559517.0
nTgL6HoBCKVL8ajf,3517792.5
zGrLRKVHWAVlYA19,3056162.5
J08c6oCaUnBiTllD,4047213.2
cJ5WP711AtkbOx77,1143380.9
TseppKXUReEp77kD,27728992.0
zlRbmtUsyY2l1P33,11021713.0
sgZ3PmJkb8Fq1G72,2258697.0
bVHTCTPMgCg1NcpX,3332666.5
W0olMiUnGTLDQeIv,4449944.0
i9nSgzKztX2Tc2JV,2223132.0
ncNzaaUBdPQliUQB,4504460.0
wSBm7OdCgw2d5Pnj,4851767.5
k1m8G9T8OzFviCku,6855373.5
Bo68Y8EgoNDybdEx,1212494.2
UDY3EeV5RX58tR5J,4901861.5
zY35e3CianCPIqkd,4101252.0
jn604isRJWzcK45D,13916815.0
hYEllRozKcrd1kkL,1907075.5
qjKUYQ9HnKZORq7n,26295026.0
V688BAbOxHSm5pDG,2938995.8
cgQvVhjLTG3KU1Bq,2795370.8
DTwSXaZQbv90j5Ab,8688753.0
tMw6rw35IQEefjC1,2149844.2
xf9w1MRjRg6OP5FY,1138145.8
hgS7Ok1SYQB7ApTW,6210898.5
mEDixoGqmDbSpw2E,5332360.5
mHhURDZuBk3buln4,18309366.0
OUyTWgRZ3djeVDHE,14504358.0
rDyWsuTpPNGYkQbZ,1152598.0
C3k2egA9dJHBa499,4586071.5
JIZXCnJwIGKrma7q,1317482.5
Ir1BDx8YR9f1AliF,8544630.0
jyXsrT6pSMFbzVyY,8820617.0
aUvziO80KTPrMhja,1220117.5
nKs8bWffPUysp8O5,2328221.0
Ww9xbZ2MLZlFVA2K,39849176.0
yNU0TFeeBuKEzki7,5902824.0
UVKjeMcvzlAGDNSa,1181197.6
eLBVnOlLE9RmDkWu,3157692.5
hC5eVLNc6oro7jMn,1643183.6
h975FwFrisr8fZse,28829244.0
saFNxOB21mH24UBE,2270465.0
ZeJwU5bIA8ScY9bn,6313647.5
EsortFLa2WyV6EZw,1739161.5
AqrCzsm6Iwt3bIWB,3065252.0
syXNMbXk2dYAKcAU,17540368.0
e01pQlRNfc4va81u,2821438.5
uV2OwFjhDopIeeXT,2060454.0
LLgJcM2Xa4ArIwqK,5503217.5
xZlfyCpO9Y57VPHJ,1768641.2
S7ylfgsqN5QRVJxp,4699167.5
j3D2bdWQYYTPlvnq,8197479.5
wUerR5cTP44Msv93,6430202.0
vwu0R1elVAbBYrhB,46520300.0
I1BjBeaTmZMXWuxk,1015838.0
EAGTbjk2QdYnx5Z0,4829184.5
ta0ruGW4U93KJl6U,6639623.0
nXDZ5RGfd5JoxbTh,1947101.8
gkOqVySaC2J14zZk,5010273.0
LcGKGoMcxO1pDXHF,6951718.5
QfzRhHPNKIX9e5Lz,1824688.2
jrSBOgMsdZ7YCGt2,81267976.0
ItJi1tMZyibTHGqR,6585785.5
o28fmDSBcoxJlf0Q,6684943.0
Ggh3HwgkgY86tHLV,2614042.0
TXk8Rg1azWjTVzOh,2706701.0
z7rUJa9hSyVedq0l,4089745.5
RbD8bNAhAY56xSFV,6695956.0
RWsyMqX9UNwBaR1l,2724875.0
bJLwCpEOxWNp2zbB,4026731.5
ZByiQB2e0P0O2j3p,5620575.0
VQ3aHhyiMRuNDp2g,12519002.0
ebaDe8JC0b9LNIZP,33903710.0
q9QXAgTJNVFVtsq6,11331936.0
A8TInvC824kne3y5,2472738.0
Lp7nOyk9ETU3cCR9,6326129.5
Bi3XqWbj9Ko719x5,3522442.0
vG8FtN4jj2mGlp0P,768974.8
rMsUpLu7BI641D7S,1426808.8
PRwfyPz5B9XuFrdO,2371611.0
p1X5Bhk6KWwBbGY8,8125429.0
ilfNvZcP5hfQhGdU,3801515.5
Lr4FRAkGzWUK7ZRq,2114044.8
IVHFhcwQqQajRGQf,5936708.5
kNGR3M5uZW8mREBB,1482864.1
MKy1DkYlRzMZwybU,5601226.0
vbo95F56CT6HwWK0,1672135.0
NrpHZNQxKeC4XjBx,5599014.5
fPvXRnxCsqT1N038,2741946.8
Pc47qlbg384ae6q9,2359201.8
KXrGVbTXsIU0Jry5,1891004.2
I9fMNAqJMCYi80BW,14640691.0
mBZqfvdIBun4Y384,3889009.5
tV5U4S711XTpGUTo,2244368.5
E9xGOfI7WoYwZXrV,6801259.0
XRWaZcNqhNXx5dUs,6335923.0
REFPAdZ0A4lXHETE,1082058.5
QF7XoYz9oB5CmliH,6788202.0
Mn512H2amgW0WqLQ,8874466.0
Q5Veiwm5RkGyH6zd,6279252.0
a706HzV1i3mlOz5T,4742690.5
P9pzmtxoRiwvnQef,6529862.5
sxf5l2ahZy4uKPqI,1868467.2
OqfB1VKTEFDMcvQF,7808048.0
DxQpxzn51dt1R0d7,3087066.5
f2cc8Sbzoi4lUf85,21290746.0
WXKDa5XQRK1Mnisb,3780881.5
Wqb7OpPEEFDtkkaI,758565.6
CEZTKd3eS8cCBN0T,2828197.8
XWYHKvh6VRgnFxk5,2047642.9
ZNS7NAYbLJfpKSuE,9375762.0
JeSNpwXcuvD07Lpw,2252220.2
tYKGFDV3xb7mWbDT,24531734.0
DJ7D7YXzjZlUKmM1,4584541.0
vk9EhYDkH87kA1qn,11372578.0
Y0YJ8agOsXzdpx13,1408379.6
es5h1GwEqeqPZxaz,2026550.9
lxtTjRxl8qC4FjCU,8860808.0
Me23e2TMh9fI1GRS,9442739.0
n1O2iSei9397JSjJ,2178796.2
XRGxYxfQqlwxjXFp,9824141.0
XqLjKhwPK3iiRCin,2842439.5
X3l3xH8KbNGjGSTk,1214120.0
ciTVlAPbOTWEKm00,5977259.5
cuYWV2ysjWoJ1oxX,1266376.2
L8et1VC4NVcbcl43,19214676.0
mV3NotgWdaKhpbum,15514288.0
hd99UmX8bp7qigIt,7588677.0
jOE7NgyXIkSsAE0f,9735797.0
jChXm6VfqvlswnZ2,9742819.0
HiMR1qwlpk2RWrpX,64908748.0
HuKGUh7cvJ0Mdg3U,1464594.9
rNoiciixcNNG8xme,2232740.0
KmIXNocxeOVDad5Y,1405626.2
H7dahNYLp1l7eRM2,5180257.5
mUeDWNq0wOgdiriZ,14130959.0
rqVmyjCSqm2l9xzu,4424157.5
NdpW4WuSfZobxfJA,1272093.1
dCmNkVwwkXdakl7M,3004362.5
A7qg70ZqQOo67VQh,1706948.5
to0G8Gp5xW9zi0dc,18982416.0
vn9VLM4ys1T87EoP,3128246.5
kfPK5Hk48sTwmA5m,3071341.2
O02UbhgoXpIcuUxw,5465674.0
joGZbpzCODKkxqfp,2576857.5
tcPiqLmDddafof2u,1785257.0
nyFAcGXUaTywjSoJ,70504560.0
pHMGaUNAtmHHzBhR,3050883.0
AboIgybRKez7B6ro,7416612.0
G35VfJNvxrBUScG6,2159005.8
jUuA5qZfbOB4rLFz,3019321.5
DUKdCVlfy4X3k7XY,5080028.0
IKGewf0IOizPFkgm,1256866.5
tIUNBH6gbfqgecQt,14874000.0
TxH6GPuYFFSXGjJs,34937388.0
wEHzVPsig79iiS8r,2579011.0
Mi8Cg8wA4FCWMsSX,3998692.5
O0QihOawshY920dF,7677303.0
wULw4OlNfZJGuO7T,2073821.9
qjLMnda1aj0EG5Wm,75664300.0
sI7YJMwaaTHHbboa,11525920.0
ZdcAcuhqZv96zlvv,1907595.8
d61kQv4v7EU3eDOQ,1462430.1
vRfG5lR1xVXxxLls,1361676.9
IU5GzQAGfmShiVbr,1620370.4
KTmKdiryqv06p3JB,5720193.0
w455FSOp068VvCNR,1579414.8
ILswLeGwvweq6Bpy,2249839.5
ll2oSV2hGBcfb0pJ,917024.5
QK8KxIfbNrQYov5t,4743717.5
vj09LuslNkxF6kE7,13387577.0
CpFJfJGgmxfQFMaj,9665985.0
KgQdKeb1RwWuRdLI,3947857.2
n05WjB0dGqaVwEL4,610828.06
m2XGwIWoGosBsr1w,4095772.0
IU7dcXWimkVmGEI0,4749344.0
PCmRfVpFBEo9DTuJ,321773.9
pnnIipheMESa9KWe,1308529.4
FgOU6fJESiojvaAC,3739745.8
deAidtTU0i1eDKwG,21073630.0
jQN03Vdx7gtMFMCs,3746371.0
l0MVNNM5vh15pDud,2514609.2
fEgXkNOW0aBbdWHR,4439072.0
RWI6l5lRKrANj74q,4621807.0
i6AeUF5JPH4txkBJ,36206696.0
RGtMbjZAyMeUi4FZ,4629977.5
ado9YmkS7TT52GFb,3379767.8
O3pKsGSPli4t9Epx,3797457.2
KpRh9d1PaSXh6SoX,4023917.8
UrngtH4XXPDLmMLK,12656574.0
MfMjf4u8z57P74K7,6949312.0
vsbu9iOUUk4wPXv7,9069535.0
jfRRBv9uEU33l0ge,9779459.0
Vx5AxhLF6HRM0WEK,115663370.0
edcyGV3tuLKxNHIt,2796112.0
TqPSts37hrVrHTjj,3223859.2
m20Dx8aWyHsz1CKm,2466503.8
EHBdeSg5zN7r9eLF,3783366.8
MyMZw8f4nSgOFWbl,2330940.2
sqTnHBXim4sNNpPW,18064776.0
J4dDhJmlLYl3xsEi,3215078.0
SiwvCF3wUexism6a,13866102.0
b3tPnrNmthsdjVNV,6008355.5
Vfbq1Ku8ShZHAEZ5,1214389.8
sGlCQCPjK2jBwigf,560407.06
duRukjmIr0S3bAYe,6433809.0
i18DoiLnVOdqDowY,6901442.5
dhxQUXqPkYkXrnCv,1414876.5
xNBVIpMVWfOiuEMu,10003164.0
YTeBSrdyBEn3IBhp,2197504.2
pJjqyzJ8x8O3slss,2071914.1
v7awkAFHwN6FwKuY,1315904.0
Ug970lHez5BZMfb9,5146644.5
GdhxTvo6WbjdXg9Q,3860493.2
F4YDxZU2bSQm2ITT,26170240.0
PeBVclSQnW5R5QwY,4767723.0
WcL3DNHLzrvBFYG0,2556711.5
WqOYbj4vtac6bHu0,627608.2
qWiLVE54wVrKyiYh,874134.25
i9xGKM1v6iF2i3Or,2977450.8
Q9cOKiVQ48nywlgk,4498763.0
IjzRAVoKKS9bDwl8,2039403.1
vQFspbYtBwc2vWdq,6670092.5
zePwitY22oLKck1e,4287337.0
spsiOeYoTzzvSDCy,2634564.2
LQ7QVY68U7RQnOVl,4688250.0
K4X8S8ybmug0SjmT,652116.5
LXthcLADrJjF2PBQ,6212462.5
uny3Y2Zpr5rQ8FDG,6599945.0
htPuXXHEcqt9PYFv,6901646.5
Iipw3jFIX1GmOCiM,81449840.0
zYpP64Ex8GMWWXPE,3157972.5
JulO1dyfbzLmts9p,7434238.0
V2CQX9LxFSo3rJl6,11515153.0
A8omnLk9crjSMDxZ,7218310.0
OfY80YV8dFXX2uuC,1228962.5
JfxBwhXYUl1JADcV,11776541.0
zxiGTOKFcctIz9AU,3035038.0
DdMNTXIGoumqMlyU,2774670.0
OVDcvOq8ti5NplPD,2815568.2
nGVz8cwrAApyf1zL,1878542.5
geXUAxCQorDht1Uf,38507810.0
mlQSEVNzCQuFGFyw,1265120.9
Ex6xJbw2JOb0HGNc,33183080.0
xYXVOfjp0FTnYwvi,5452783.5
Sp3UWZaXW8pw227R,4474617.5
P7LFbIsC5l9diUPz,3208449.8
xKGZ1dMcaY9jPSZK,18672586.0
H6WxTj6c2L2EbvC4,5861347.0
RvFE6HY8ZmsxNam8,2954491.5
JiAphNJODUlIi8pH,18948304.0
MTPds4WNCEXErWc0,7643361.5
Ac0s64OI2psX7YQt,2170409.5
HtBNThEQ7cWaxkti,2078090.2
krPdP1OCnat2aEGS,2611224.0
HRXdidpFlPHjcHVC,6963795.0
woFfczO7oipHrgaE,2159176.5
mBY0ANpQMYAO3Cy2,4605518.5
tvR7SBJvV5y3MJw1,5389380.0
jtQCkFlvRXQ83IrW,3287127.5
pPu4lFSIYXY2fIvX,31731956.0
xdAR9gcqedxYuKCJ,1311047.6
SBOVAT8LEiZazN3o,6493410.0
SXvOmFOPpk7jlIxw,7006221.5
D37DP1MJ2PCPn2EL,10443113.0
YBBd2y7gzcgY9wFb,1780370.5
NQgMl7DDYKJseHei,9498393.0
EY9JgaZKj2FJmWtZ,4857401.5
pZCxgqU1lxyXCwWj,1259132.8
TAycazC7CLmK369a,3102203.5
fHW5yhbUlOHJyk5D,32300834.0
LlZCB3ym9YVZPaVT,60219884.0
VBsHkKhvr8NxgTme,7300222.0
pBlOfnlc7WU0Cpia,2995168.0
OTsx6KAImdJavVsY,4531505.5
VOgMbnbzXV7BIafr,6752632.0
R5aKucmm9quvzPxv,18015022.0
HmPmVCK5U0j1eW2x,365367.72
XyVUUC1oigtorUVO,6914763.5
qM1tegaWseVXQu1d,4643716.5
Cj3fBgCy2Lu49MlP,8988731.0
c4FaDSjcxt7zvWgs,11723828.0
diSKnXu3PQUV1CZS,16521301.0
oMcnKcMrJDcOynzL,8952014.0
Y5Wy387glkKW3k6c,6744278.0
jwSswoFf0PiXMaj8,45681730.0
AaLw4OHpLtsacwPb,118131490.0
j3Cnqt2pFHbWKBIx,3858516.8
kXbUvwevYsdbzwAj,8259126.0
O8ZOIingyIbd5evC,43638724.0
D8LcxdwEOqZggrqe,4231940.0
efkmccSuAr8PNIeY,6589454.5
QitWjugTfkFYZT0f,3677131.0
plT5LlVSUwMo6lHz,9355345.0
oJDQsoYNZ7Bb9r4K,2331943.0
pyWqu52LO1RB4NJH,11212696.0
a2hZPMAMAc3hDIsU,2115646.2
wNRMh83u6Kspph0p,3355190.5
QH0DXeXaphJRctNU,1906228.2
yCIV9xd9kpY1rFet,19414086.0
NaVupX8IXxuqUKzu,1865906.6
nlqOJPapRQb8Yu0R,6161436.5
cJRct7U5fKeUem7v,3006056.2
RI2VwWlfsAfMqAEg,1317456.1
NzH4vR7vnpoz4EdK,2755173.5
E6suKSpZvyOh7J9x,2351299.8
OfPxG6obZePIQrly,1502879.9
wic2T7o0fhHcKDO5,26894012.0
NIN7r8MCMCHNimIj,1395799.9
eSrklXmUcuO2fwCm,1000930.44
KbaeauiDUY4pbDkp,10491667.0
difsdUp5WiM9vSO2,44400988.0
aBQdckGCCo7Cxb94,3025518.8
sPwU2Ev6xWlHqoUC,3790192.2
pELIHXA5jYWGfOVT,5442522.5
JX1BMRgt0QfCFwlh,5041860.5
BduFCKRjlKu1mmu2,5698218.0
Nhzu7Wsri7UyZemv,8512291.0
SDGzCQPSjsJRlNJc,6839551.0
Ac0ALYT7QfYDNwbB,1190485.8
ldlquHlMYNT9il6F,6389880.5
LHlZ8qVD22MgY5Vj,8688745.0
aWmG1gvad8twP7TL,5149732.5
nH8ezWOo9A3PnYGd,2294058.2
dQyZduNe7QCIpnki,13588444.0
cmqe2reQPjaPwEDK,2033093.9
dpWMEqVJBGAwr8Qx,4068315.2
jr3BbFJA5Gqo0X5L,4093768.8
eRvPLhL0YBTQ2JKy,4041963.5
KnVXM4WMWikldwqy,58995684.0
RVzNpEf2DXc8O0D0,1633565.1
DaAZ5sBnrqJZ6B0g,11457031.0
Bz1QuVieQXQfqCzp,1825241.8
gWFI83AbPrNdy4Gc,11339741.0
Qb0tPenLPVRBS204,827172.6
BWOAZU48UI7SKYlt,1063475.9
tc8kPjPDUjKlOoka,8525883.0
SzwMMjgytzjLXw8C,1054340.9
XxYfMV4brGB0P7zv,5002476.5
qF4Nddnjuxwr6ZsK,6269020.5
Gj2CDDDrR8FxQJWB,104610200.0
FRNKxxJcVkHXz4ne,15023346.0
gOhpyLdFbsxUuWlK,11054177.0
Bl2pCStIdRGEzdOg,15821215.0
UnjCnr4mxUtl4Gm5,4972975.5
UqPpzmycgUPie4fx,5591043.0
LbC5skiuqaSAQV6Y,116122264.0
g6lU5hC5S0MkgD6C,8040904.0
Gqe6Zq4THd0tDzL1,4287676.5
iInbzXur981cTYON,20830260.0
o31QuTKISbUA0VqC,1967738.4
tJI5U8kFacucu2QQ,1297908.1
KRXei3EAokmylpF9,4806707.0
D3nxtjKqgj5TejQH,8883399.0
Hst149AC51pXR4bV,84683780.0
BsMEgjo3ClpSN0mI,4100258.5
am5fYTYrlwOOjnS9,49719064.0
YkXaazraFRnIpJWv,1441363.2
eBZkqvUnos3m5NVg,11788946.0
fB4m2UVoFqUP5pCA,3241215.2
NJJFr2CCmMCO7pms,3665943.8
YSmb2SF0ntnlJgf4,12397837.0
ilPeOMJzqcQC77lL,2827979.2
Ihzx9VsBSaglsFHs,610552.0
iDgRv245OqJC9jUr,11931506.0
TSlpU438g2GXwsH1,2380525.2
g8UuJYUdig0JkYTT,3705759.0
Wtp35s8Ur5B3unta,597517.0
Yza9HBRnzZXbHAAE,2041707.2
YKHEo09sye9wehE5,4257954.5
DErCsc2uTHU5SAIU,2432517.5
jNB2gz7MFjjhTPli,4064824.8
wxu8npgl77X9nTcL,1293299.4
fe0uLIaW6ZDw72ul,3054367.5
E0KyjFfkFP90F6x6,5981690.0
ZIb3EXJoI57M2Ahx,1676820.2
boul3LDslh9UoXmn,4729943.5
gmcOaUwxW78zGnPR,1609297.6
oJuwfN33wUoEWwKN,2924635.5
f9KQbEG5YN9O380E,1464148.0
UlhYsGA9NuUD9USp,988378.1
AXaIwPnhLOBqs8R2,4899431.5
HwFqmUbvyes6VTf4,6179856.0
HLHeKUkAahnYfG1s,1840025.8
LGw0o6rA9CT8i6LQ,10784029.0
DIMW9ArauTMJVHFm,2475043.2
r04dQuw9P4eE64TM,2029446.1
kNA74lSDaX7HBYUM,1550546.4
PqQai7Uq1uWpoKsU,3379129.8
yhZIb9OwlMTWCoXq,1337919.8
iUdL9Q4j5ZsK6eyj,7674162.5
vVuv6uFoh2c3fWWc,2977786.0
bok1YiQH1rZ3QSBs,108100030.0
dkX9ph9fSYCSfbd1,3952306.2
Ha5dujB0U2ANqF1j,17509048.0
z0yiRvo21xW8Qp6Z,5568608.5
nXUaoc2wgqyDC632,18214206.0
GASCAQJF5pUSCMA3,22861992.0
N3U9WZUbn5a0mcUn,3369022.8
lWub9dfgjbnfK4Zy,11916631.0
sxl47iWYjoFzFBT6,4948389.5
Wc8zW7rJji45JHj5,3744306.5
VFgWcbTSCzAXMQyZ,5662751.0
m6ilirHobSFg7e8f,8201850.5
g7jlZq2Vhd1W7wj7,14143902.0
cp169uiWHAtWeb7v,35550710.0
qvO0GAiG92johvx4,1183969.8
ZlLZGnIEUzFE0320,2254309.0
Lw6zeFAfPMLHlSBy,29046490.0
NclTpRC2XJ6BoZgI,1881841.8
X11DgudIisrZxFeb,2305557.8
qTVGxyKQ9iJvOwXp,4116345.8
lwlQiOl14Zzgawjt,741757.06
HsWTxqNPa5yNnHUF,19772730.0
zSkJQN1HrA2A0Q4O,4621538.0
OsRGL0aWNg2f2a89,15024149.0
q4JBJL48CdsmIRXr,39962280.0
ckHtHbSnYPF5l4Rn,63741016.0
evrjLkce2SuVHv8T,9286649.0
otZbfBF6KuX9Pjlj,1625420.6
Tlb86qWq7MV38C2u,1320477.5
Gq4uchXFd5kkrjje,2024003.2
T93GeCF1rhtpgm47,61648784.0
w7JbH4QQTuPRGLnY,65150370.0
MAXVbO1vxBiDAoao,1660689.5
adInicubOVdm0RzZ,1193863.6
KYP6YF3xru62Jzlf,3714293.0
UwPi1G99OeRDcV42,6906255.5
uGJyaUbD6Y5aG3Az,10754922.0
Cuk4GonFYeNwmB8Y,8687386.0
P6fgY3ts8wFyrDik,9476064.0
KjZx5E1sClvnig6Z,4606124.5
gh3mmWDS9TlKw0R6,14054728.0
ivV8EmPALX69X19m,5218572.0
UpM29hKQdQzyaAeA,4908673.0
D7cp2hvR0HKHYk6q,1068968.8
wTUpeydIxpoPRu3u,24063536.0
JATqGakPd8T4mXlv,9972912.0
vajQEa1sJqaHSqYL,3400485.2
aQGC61BFYenzTHNP,1848369.2
AMGKhkbmrn2DR4OX,8816252.0
Fm3j5EZSqFrJVFbc,3974811.8
RIVewSyHRmDylx1e,3237962.0
zfEHjnYiPKfqJ9BU,1542579.0
LDUNil9qCK1SRoLe,902386.44
SfiHoFSCiZnWlvMD,1421928.1
yljUnDDDpwWLrqEl,51899816.0
R1dCZT5gx07kENaj,19367668.0
TF0629ioQaQBemco,2124832.2
IiicyYiYJmcc5Oku,4116141.8
nGk4ZlOAY86bqn1y,3084418.0
oMzR5KmvaW0FL0ND,2525185.5
Kc9DxFqs5TLvzLxb,1831894.5
uWgAhbnLr90ejmn3,979041.8
nlvla9lQ0SVvru4W,5618688.5
Ddq74WqinNfTp66p,1209322.0
U5GpvlETTy9QmCce,8223946.0
Lbcs8RhNkjEQ8MHN,6103439.0
MfMCT4PolZL0E6UA,2886367.2
kpM3gsJARLRFyWhj,3774641.5
gLxVVRprfQ4A9ovs,7958161.0
gpiX5fEP2luzfcN6,786285.44
s5x5LJl8PHh98Zdd,8304920.5
YW2FRdSF9NTpb9gZ,2339775.5
qmP5zONxj75thIHn,3608506.2
w7rXANGkYzOMa6UP,3440152.5
EFq02NAYT8xqdgOu,36636704.0
RgMtr6nJunmObAmK,2024982.1
a9glfVT4kfQNIMDE,5366996.5
jlFIJRsC7ofUcHXE,2428776.0
wP6SjsXj7HnWTScQ,3733698.2
oHhhLBlDTWkunGQx,5248083.0
hcVa5lxb9ecVIP1z,5913377.0
yypeXTpn1wbqAVk8,1311944.4
X776njFGcyBaBzvy,1973161.6
miYH1GOERngxa7fQ,7469038.0
TtuafX8z9UhBJOjF,1367063.8
ncNEcmBOGlLWo67D,6411367.0
U3PfhcT8rWvypLwV,1364573.2
jY7blxVec9RviF1M,25053110.0
yMXiCR80P54ot47r,4842402.0
YPKSj4SSeAQO8NTG,2075297.8
hupxSGY1rrESkjnx,3565966.0
pmNM30W6Z6Ikti93,2516355.8
WMb8DFKUaToggF2O,3236884.5
cePEPiCtnTu9jhb5,3095123.2
fQswPEILAkgZ0S5X,4204769.0
NMMIvXtnN9sVhbkL,17595086.0
t9HFXtbmkWZJejlM,3332482.2
i6heVDsKYJqTukkW,6291912.5
UQT7Bx9YTNJzIVQw,767579.8
HGJyRKMOwwiJxHPc,4187609.5
vWmJJXlwVvR0Yqkm,1282834.8
bHZVWhBHjMSxCT8n,5515828.0
zpXX4VC6i0bZrKJw,6747707.0
QI177Hmh7GYXSI0a,7840559.0
R7cXrEyNPNZrOHyf,51820884.0
HNja9jZasXcynWHE,769373.9
ngszpBjGKJg0aW7b,3240924.8
F07Yh0qDgQl28Vse,2420883.5
y2ULRjVjpqgeb5cw,2737985.2
WWHwpfggzv9ORpnV,5063269.0
YfRkRlrPavE3ikH3,5631423.5
gRXPoqHWZivHbcS7,5243280.5
HsWf7KhL9vGvv7fK,1591533.5
ODA6gDmiUfCTWsVL,15104572.0
DsJSijCFjh6LhQ4M,14535154.0
tYUMfe2SS3EwE3rS,3189404.0
pasOwrIfhB8r1QbU,3404275.2
HIGNdXb5WT9PWRYC,1498216.1
BdRZfnm88zy8mz16,25756254.0
nzLSwrKikb59NN0C,1396640.1
q1dkYFK2OgjqV6mD,1757803.8
kLt0RgsKWOccWnIt,4972440.0
oAXYb18TZQWUseFI,1160535.0
ZCG3JsSAYAiJInI8,2258709.8
nbT9RVooKWiwk5WX,10880951.0
dCHMT6j5ltGpyRln,7395804.5
PINucssAEHm6QTuu,950892.94
Dslxq2bLTnahT4SS,4837989.0
xazMjyuwnpAkxLRW,2640022.0
F0NYpzpAjnzcyVRP,4484849.5
qSxozS8IXhOh79KM,1721857.8
XU77utJmPI0sPIrF,5926503.5
mjnhBW7lHLWPIKxP,32244696.0
zpIi5xRm8X2hfFHZ,33884510.0
LpUWgdnB0ZeOKr0g,3983540.0
uY9JNwdUsmmmV1lV,1540722.0
eNLW2TnHQbElOShj,11527789.0
KMYkLS3emKkWvXkc,747434700.0
rv3CGU4YmULxsBmZ,2586143.8
iWHhO4Ij0FCMGHzc,4289836.0
EiV8MdrOY51XIWrI,14901089.0
G9zaksH1poT1uBht,5252584.5
V4hFpW4VsHLyS0XV,2114089.0
SMg5vjt1Zt8mMida,4996821.5
CA93PJZkX07KmYnt,2347618.5
Si9VltUzGDoxnS00,9621968.0
WZIo6LZBVYbsBZSG,26417384.0
JhXiQGGPdPSBYoIn,2039657.9
PniZwTmzjmSJ6ChE,1151859.5
Pu3VTFmqSyqer8rk,10901620.0
fSm7sCYtx6HlUz1J,12466913.0
G8qOcQX0tuoAhZOH,17812580.0
YxJ4fis7iukTaAyT,1976566.8
AJhDbnOZs94NwUg5,1014925.8
uwcgzvoVWGQyJobr,1624862.6
HHROvZHeGLo9YV0H,9565863.0
HkPEgSl43jjU0iJh,9670540.0
X33srGLzyu531EI5,1346784.9
QZFxv6Z3lgzit1ES,3104994.8
NBLBB0pAmF70SQyj,3769109.2
CgSw2ziDHFfc2SML,4864318.0
GAaZfXSLifBJyJak,3435821.2
sBDPpqpjSxjP8Oxq,7576579.0
LJn5NKDICtwx4j8u,18261480.0
AMEV6r7B45l6dF8Q,1592821.1
r9WLxkhJdFSUJI4N,7710159.0
wb9yU8bqqihbRZOC,5079781.0
MggY4Oa1ts2AWK2v,2648661.8
n49hzvAf5P8z3mND,8668897.0
f1HXdiexCVZ94DwC,2350775.0
K52nSNhpipQK5apw,1227282.9
buvelt4WXwl5HRIi,2268558.0
Xehx5iIw6SydcjTa,4095244.8
w6CoKH0hxdC7H9fg,5747589.0
yHrzi1BXpK4pkaOn,3241342.0
K2qY5ldyOTEpDgAZ,2706577.2
VVWuqRIpyzHCHh8T,10392800.0
akpU7OMIGJidGlUh,6984659.5
a1bflOvoaovGw71x,8446394.0
LbQc8TYtVMFKdbqM,3556985.8
yJVOvnIOCTP2Wqtj,18443960.0
JhP3W7H6Zm6q7zk7,14138292.0
IC3OIke4zmEjenCl,11884921.0
NUiR5nfx9G5haJUY,39102730.0
YNzXjPrww1VIrrQi,1171067.0
RjSNpEs6ZrOPdnoY,2553777.5
htWoPZYwDYFfRPn9,2651287.5
d79IOP9JDTiPN8fz,4751337.0
w5mDv9J5Eh20qMZa,12007529.0
SEvMpv0ramOhyuLq,1387035.4
hoXtQzyUB930DWPO,3282290.8
D6XaBL66txHH2TtQ,5563560.0
iukSY2WvFKpnoRzX,3888386.5
drxAdDkG0z4U1jDQ,601086100.0
aWxKtuqI23lPGluJ,5010029.5
U7gFLbCCnl0QUFNj,692452.0
o5hPbyGrJAuyGnd6,4693309.5
Iz0vdQoUv312xROV,4016897.2
u6mRsxshEFXIbF0T,5829649.0
kobhkJIBXR4jodyr,5749348.5
iaZMpjhGVTslEzK9,1024716.7
hbGcaCkkiEz5facb,4784946.0
Zr6rlJp4zArKdlBl,17680772.0
l54UHaCZ9mMPQH9h,18945848.0
M7L488hbAftF1d75,2877583.2
I0O6G1y3SP2qNoCj,4619445.0
TZFrA4PvT7aBNTN8,5982061.0
TFsyG9LKfAoOyHkg,9161893.0
W3RqJxjYMAnc7tAX,13737166.0
G2ljIHrysKIgY4ka,6699296.5
TTcxGCZVIh3Doyyv,1086496.6
xzrqQ6yxAwEWLSUJ,42048356.0
LghvllQy4i0h4qt2,28685866.0
QuvMEgsNxfHED7dz,2813576.5
nF7sS922Q4xOvxLb,13664257.0
eUYykHlbep4XKfns,1572265.8
PVkbxhVjul7KNQAD,1140219.8
Nd6QBrzQjmPADQye,6158440.5
EcumYc8YiPNA0ILX,1893557.8
aLIjROxD1tUtoIPH,2966601.0
m1t7hlGrAY28oxMu,8752475.0
p2x4k0xO4yDl33fY,22533966.0
vvoiBYqszv5BZWOA,34651028.0
LW0Ppvix8BzusbJw,3263865.0
T74gWWbixSUkvZZN,3960282.2
rF3W1MIMPQi5INFr,12968088.0
nZJN7FW7MXWEioqZ,10976440.0
HP55WtqNdXfHdFF1,7831576.5
mRtlCQsHDSWvMxwb,25781172.0
WlX59SfAoLk0Lwew,9780466.0
xbicEdDLuNu3qhVl,5793618.0
MKpna72wDau1Le4P,7400552.5
JQ9AYTPzbDh4GInY,8335310.5
xb1Reo7R4hVl7JLV,1645278.6
fP9b82sQeUPIfQMn,2451514.0
ZE3PO0GnGm4XAx1l,2204960.8
Fxd4jvK9pId1pXsP,1854653.5
nZzic1QJKiWTZNJy,6905807.5
G0FyPjQRJBQrOAJd,1299588.9
UXah3bWZKqgHXit9,18941294.0
EGQeTVJ941mr2aDM,2353139.2
HUDIonXRLjoGkSE4,7415134.0
fP5WNb9tK0IQfO72,2649480.2
zhcUHzCcY7w5rW94,14299685.0
BkeUqR7fShpeNRJS,3797931.8
OBxbUPcG4h3sBkek,2406471.8
DtfXXnY7mA6JfQLP,28589402.0
GY5bjUJqMVfbvWOO,39023900.0
vnoYqYhWn2kknzjW,2320679.5
MJD2MjVAEZVwCtXI,1683691.4
CSl4R9ydbCPrXWDW,2068609.1
ci9Rnw7w0XzgbaG1,6512225.5
LrrbALnbk9SYAC4a,56845972.0
FN5nsQuqEBw88u52,2546022.5
PyVcBZBbuFCSQav2,5118675.0
cCa8ksIIQ9P4l0zX,7453760.5
BkXjP7PucgZfhryw,1334139.4
yPhK73PVnNnkMHQH,3577588.2
WgRE1Ur88V0C0E0u,842573.0
hsZXDeO8K8LnarUM,2790770.8
be3Rss7msWtYqcqB,670223.25
hUZzeoxtwPo0lmlc,5122445.0
c8fPnUcvIZBfTi9S,4058600.0
OaI8QaETZ1zY4nyW,11312435.0
l6X3MIRjxclKdEFp,1181229.2
bxL1HpTkJNoDJ5oj,4593898.5
A5o75Aox29GoO760,49994550.0
pqRlJ3jQv4MrOeDX,23991264.0
smZ1zqPRI0aCVyFb,7253393.0
KHkKN5tpLf33ImCO,4227297.5
qCx62c50ckFpIBad,728149.4
YCFRNgd0yk0CcHBI,6408225.0
ac6FSSpOBWpL6Q6a,1026179.7
cVekgRSPjzJk8xps,2037876.9
BKPLGVegYsyswCOM,69190744.0
Z4VmRfHfcBXK58sJ,5950454.0
k6YtsY8vrKLg0Z3Y,5386394.5
oB1o9LyaxesDd55Z,2265516.2
V7G5qkKBrz8kme6k,6201677.0
lW3bnq7DXIQOeW1q,1877023.9
i1DpZ0LXqmUG2hgs,7268460.5
jKMDynub7IiWJaXb,12007529.0
Zedy0EHXIVCHrOMe,3057821.2
MnkAjCf6AvBGKtmu,15832234.0
g6tEUWdZ1ddIxSGw,6087337.0
o86lOLvHiBCIf22I,2649538.5
SYS6b0dckiHPC4Bn,6936414.0
V9xUzkmz7Y0KLH7R,4383900.5
aEXUXFG32Onn9wtU,19685502.0
BLpbcCzqxAjzlSGx,3705190.0
SP67oUkuY5OGqTWC,15685014.0
n1lT2eR5Bh573AqO,1263893.2
GoB1CQaupUyi5FEb,1501654.9
aHJCEyg8b2GvwOUY,3622560.5
zvoIkvbjYb0BL1oj,4462655.5
whyiW6KYuCYxt8o0,9738843.0
MNk6JiJJfMxhJVHo,3772511.2
h7DBzOtis53sgF8Q,3825810.5
MbPenEqM1JKWCOgB,5172773.5
cSelkPKN7i4IEx6A,18034928.0
UWnuX4lwcsRNuaHf,1433468.6
WJXfomMOz2ttxHHr,1477177.4
QPd6xYTiMEyLwVIz,26828588.0
blfbOq7lfFFzt4Kh,440682.28
iz6l2qjAWgc5179h,8565010.0
uCTb4QwWERb0Jr23,2123019.2
Yi3xYPFD0FW6jaCY,9989608.0
XK3NjvUXZ2VRdBZt,1317840.6
H2Kvsdx9AMc3MQ63,3303018.8
bTlOJ1Q6UP1yCwVJ,5675586.0
sW0dYcedJZ4F81q4,1567033.9
Q3ZvJjmDOWaBa0Kx,2875821.8
Aa0FZxTw2CBu2W1n,6177593.5
eZyhZ4vUY9OA4s3z,7308637.0
oUjy8XnkhwoyTWcx,3862117.2
EWMfsFTF6OdLITSx,3155871.0
Pab9up0TuuAYk8wu,15305052.0
uPrqdf7smBcrMa9l,6260590.5
N7ujHzydZqGmhlqA,1499976.0
TNK4SD1N25UANiOW,750454.1
wyW7OBf8rULekayK,1112741.8
u2tuCzO92iqNjpDe,943341.9
fruY6orcKxkG0DZw,12250898.0
EQKuUo9Gpvf3uCov,26078008.0
cUZbm3c6ASEqZzIM,4586229.0
WWcnVeAaTOR2Cpdk,7882589.5
VYB6c1U779erKNMY,98935896.0
asEPAlak33aSQffd,3782692.0
a6qHb44DQSlR0RMd,20630190.0
PWwiNyzF2v2IAUBw,2377009.0
dcgaIp1rK48SquEh,3007860.2
F9OfkmKiNBzii7xt,4445770.0
VxcfDtL3DjpSSFnG,4111100.5
RRYAk8wAkIVy5uS6,710121.44
PoEplN4CLryZ5ODY,3774029.8
ID17fqWz5SJjbEu4,13304008.0
koelAe14z1PhONJs,933386.25
VH5rUmo9Ifgoz3jT,1259402.9
lq6jgnuppAfJaRvy,60851460.0
EBvnFKnBTvsXThad,895963.6
GsHSgVAhjFzNfFyY,2352210.2
lUrbWrhqw8LVy8uk,4638166.5
n2LkbFGAdyINo7ZV,1478049.6
cRdcFbNBvdlWe5BT,20448650.0
ct0kvnLZ5Jqq7xYM,2481620.8
GhpAWW2wMVTcVsre,1417110.1
lkDCSNBYa4LEJzb2,11682533.0
Uc1wONQyoyF2eYKj,2921427.0
n9R5SXJhwIrslqxO,3593187.0
J3iZNvTZICGmNRHL,13100847.0
UuquUSKJAIAkijL1,8342810.0
Ov4OujCxWhMfbsxA,6732447.5
ELHAIhLuNWq266Bc,7530124.5
u0DoO700uZTtGIbr,2935027.0
UuIXlUtXJvGwp9Ij,9081219.0
nz7yeyPqGgYymz5G,1128959.1
waZsgfnZXUU2qiTr,17486120.0
sgGBA5twhiRTbjqn,4443413.5
d5sjylGSsQHhwY3Y,6230933.5
s0kDtiQPz7UsXwy7,23219624.0
pag6RLFa4OKfGOdu,6925759.0
cN4GWK2qhpB7YuI0,284473920.0
au9SJ9POgEmemE38,1330184.5
umyEchDaABGJgIoh,3294546.5
NSRbrGdYcdeYThKK,11156250.0
SRNDkgeEJibKb8Cl,33576790.0
FC7OlsXk18rblxgu,5387242.0
CsQalhVNap2HZf6G,279699500.0
uHch8Fn7zCgk8Jyy,7270693.0
GGlWhphhYHNQpnUs,8817110.0
WfvjzjJj9OL8v5s3,6081598.0
uUpnxtDA0Bnsia9Y,1053939.8
KHhDbLjmHgb7a1Vq,5628218.5
f3UlFaVDdJgA3YNx,3166301.8
bjuFwhVSPnivzAZu,1952423.4
glITQ6suOmJT9jwF,3174332.0
N1uCi3IcyFnZnH5w,4115239.0
sLfMnBShSggqv0Vt,4167434.5
B1BXpglQttVolQuW,10360223.0
y0ZATJHdsZkAqfrf,4203382.0
sWtbMQAL5pixtlvJ,13834692.0
SizJpvBDTkgKJQwJ,7786854.5
OYqtgGs9Fy48q6kT,7323847.5
PRQ7vkQxcQmxpTkB,1020183.5
yvnfojDX2yb85PIU,21243896.0
CEJWW1xmAexGszpd,6824233.0
HNZ2LLpVg0TqR1Dl,760425.6
pbdPwl5jz3MnuSx5,5012505.0
Gjc6kPk2BrpcFPY0,1203890.6
oeebIy7QnSH6wBle,4115282.0
ZCKGt6ztGtxdWgFs,7143664.0
WLhqEwLDsYJLed9G,2427278.0
IHduB1kO1uMDypKj,6227541.0
jaxEu1PUWqTaYtrZ,953101.8
an1hhnJrBNsOJ3uT,2500109.0
szQrHqaFKPP1DAIm,4966719.5
zodv0ZQhKY5XsZQi,2149192.2
wDQpIt3kmH5YWzl5,4477490.5
pMYVPlDsCBAK0oQs,4608752.0
Ki6PdPgMkTCGbqGs,4225798.0
fEJgSATEXgD2m0Yl,2569324.0
EuIiQLrU3OoeQh3I,12540917.0
V9OOEuLx3XbxLjEm,2149957.0
LWzbC7HZQv3D3vlQ,9436114.0
MFOkhVHirusZ7Qkp,3149512.0
vFHdxDX3dc0jXhvF,3942755.2
tWYXEaAqREUPuAAr,3201587.8
rG3Kscn9lJFSVnYg,17242496.0
mI4iYgi3ntX3Nl2s,2506961.2
Pa2GXBZu74EKLdRP,6581259.0
zg4NNraOu5mQvBvx,16959674.0
rrkcu2Lc2eQQ4tvi,2163820.8
KNgCuLFieCmn9Lry,2054967.1
kxbS8yqkWWqo0ry8,1787546.8
irFFoFswXWnZCZRU,5876638.0
JT71pwLJQqQR2tRf,4111810.2
FO0FhvOXk3DhkkeK,32561066.0
mWtSstiBd4Uhcewl,13822743.0
ao336GMDxgXN6zak,2741442.0
G4CIHSFwWfVydM2o,960822.6
vWKFCRieQtmjGIN9,1205349.6
THJn3emsggeIcI2k,1302132.1
TRHIVwZimzoaP8Iy,7611871.5
XZRb5HKOBjRSwnIu,1876619.4
coU3BKl91WcgpPgd,10312592.0
VgntKqWE6XUoxEZ0,456155.97
JqY11oR4QzI4Y8de,8883179.0
QKimBwEoWzsRgdjg,1022671.4
EvqD8FG47ApUSjQV,1921109.4
Oe5p4PmIdPzJq600,7475366.0
e113oNJYCNWAfHB8,12932174.0
tSpOOFtcGlB7AvYH,4085831.5
WU6biFiIVyHDdDCh,99660710.0
eKc1Y2nnbjAY7BsE,1401718.8
lvZYQJcrnhNl2zzY,17809828.0
sjsEXvXqDzVNgxtK,1666159.2
ID3HisGyCoRCwLow,4127435.0
xxbLMLwueaWqqelF,4049560.8
aNmju8TzY8JWBj77,4617573.0
OVvAPgW6o5iKGdFP,48316840.0
dzllkUEdMb1yMx3I,14440703.0
OH80ArEBxYHgzsFB,30714160.0
isbpk05avbjIGehl,42107024.0
tq5lfSb7STKsB9n9,6797978.0
DuTQcLuL0NYrtnzD,41183976.0
Kk2qN41Jvx4fQXjg,580825.3
ysMuagiGFLQpkscK,4190270.0
FTKiVUHMGnuTchWW,3238304.8
lFlfCfx7p63KvtW9,22561878.0
EkTSYZd6wZRuwgMt,5692515.0
c7IRLRu2HyvFieKq,2642903.8
v9DqeBxM6W372KBS,1330285.9
ifYR1RXc1g4XFzHV,24240476.0
RaRIqI0y8ciyB3te,1575533.4
z34lKE7jOA2E7orM,11955083.0
fUVgBdMt3KyqtaJX,1868294.4
jTEVwsQpDqstIn7l,9177599.0
PEcNg7RfLsL5vgDL,4261293.5
CyvybXgqS7kOfo92,3167153.2
SiLM0hAO68DoWteM,2378814.2
TZACw5rp1qt8v5oi,17102996.0
Lm5izoBTewvkHvj8,40750076.0
PWkZUOEJaZ7ANx1D,2005857.9
YhtF5mm5LAnzonPN,3293849.2
Tn41iQoVmgr1bS2X,1441562.5
S3kjKjfFkAZZFUvi,987071.6
RXDhMkNMLN8xkOFd,2851391.0
zJ1Av73vl09OiKLd,10722540.0
o2XZ7iuN8jC3O6ua,13909969.0
vKnyCaji4XS25jYF,4948885.0
dx8DYbZajYueG4oq,29174472.0
ECstf6iCQFKuKBnB,6611505.0
SfTKwPsGsaJvTi3F,6109338.0
t0D3R8BHjzuMwu0A,2085372.2
JbnDVabphOlIWmuH,2189402.5
RIXro6xnNSptKnI6,3282682.2
eVwzUusHfgmqA2FZ,9191911.0
dWUMDO2w18wApftM,571085.8
n6pKwNqjhD4i7Ld6,3276864.2
axtS6S9wxBPbwXOP,3994202.8
mIwxaywU6lZ9nWkd,21333918.0
kV96rFlIGRNu2hkj,5927899.5
CChQPwhFp5oqQv4F,10820993.0
WG0TNabK4JIOnEHq,6289764.5
SgLmyxRXCXqhdqYc,20996396.0
T6qW8Wz8sgIFETjj,15449383.0
A3waBrpJtmdox1sW,15627500.0
taRRRIxmaViz80pg,2718896.8
n0DkYtb66e5BueFX,10704190.0
wI2WSpGC70Bh2vU3,5932684.0
DLNq6SNr6CzGdTQ7,10372996.0
RDnF76Qtz1Ax1q2k,2520318.5
J7KPuxKIS0mXvXPd,3772234.0
ucRuJKvF3LcCMJID,40258120.0
ewXfWyvRCP7tImQe,2120724.5
vzOawSUOFK7QVHuT,36321860.0
MHPOcCfWZfKt7Qpo,2474774.0
f798u0ltugBKfIxS,3335544.0
q2TPV6B8xzTLdCYN,1053368.0
S44EqvlwqxOyL9iv,27679532.0
uw61Go44Vs5uOfpT,1516922.1
QPF1QehoX3yYZOO2,9120849.0
Lftxj5vHe6sowSkg,2512698.8
KfyvrTaF9M20asFc,4925686.0
eM4tN1D5zoZEHNIU,4116860.0
MIfbd35Y6tjNpmrF,1153045.5
U1TPM1MRuXbEK5HQ,1616596.5
DQ8ELLsAxvaPAkiA,38408780.0
JoIIWZD401NJbvso,59174984.0
jVu04zGAg1kjk7Qx,19243064.0
GjjA375SrIpmCiA0,7278990.5
QoaVTntcD1KtTASq,2664547.0
tvH370bq7VHfYMzC,65609144.0
y3JYwAP8dGbVuiKT,8329740.0
ngPtd0urxXyOXTHM,10640882.0
zLZ0Hu36EXYyLseS,2078807.8
DAi2jvdp7NlvWCw2,2565382.0
O4SlRt1MUoy4Fo6s,1821808.9
bpC4LIwZ9ZQDlCuR,6776301.0
xlzV6WhJDdsqtkvo,4422212.5
uAbpEGLknsMkwFXq,3458943.5
YGRXrXkXO92uS7DB,4446423.0
Ck32GQVyo8AD340R,9509796.0
b6ZqDCrikOKiEo7K,2662723.0
oa3FsYYLhQuT7qaw,5793916.5
FA9IFCw6HTZ2YBq0,935901.6
d2SC1cweHdf6APx1,3733926.0
Iz9qkq2qLOAr7gzg,4564203.5
OxpXIZfd7CcJ01Zl,2918158.0
BCZWPFcbMz8ZEAj6,4253697.0
tEK6x3fRsCzASJ1A,5251031.5
d1bCUYfqYCTkna8Y,5393025.0
TJafFm0XAf0KUr9l,3834255.5
bMvwQDTDK4qEqjoc,13668611.0
jadbtQA6LFOQH3Rp,10094127.0
DnvDXdzG53GyixmX,12906153.0
zxtWeU9AfHz3jEo9,11464901.0
HwlXHBnQmxxIkDsa,1245047.4
J5nytquQ1OduiXic,10671858.0
Pd5JOdLHAyGNRdjp,4191281.2
lye3R87iNGYQ3m8Z,5072427.5
tHLbrAAvaF2mGZNl,115754520.0
oNAOfFCwbQJcv7va,27475916.0
iXKcm4w5e8lRCGiW,10061718.0
W5bbiXuy71CuHRFW,5195391.5
HrCrSj2A2MmnYDFY,5093791.0
AanJcjKVc6Y1RjF5,5127244.5
teVksts28ax0jzQD,881432.25
df1WdyFkY0UBWUuW,7144447.5
lObLlGumKYIQTYUB,4622737.0
NPOQieW0qKviVS3B,13319496.0
NkkD63Dd8buAXmdy,1734444.2
pJv4lSc2M9cw2Ugo,1245566.4
FXwX8ECiNhqkkO31,9584967.0
s2glCfrBvcNxdaXS,2470666.2
mMVfIQBKTmKoGdkV,10548774.0
Ckf91oj8YdjL2HdY,9502543.0
k3Js6fPErIzADJgJ,1296673.4
frwDPeVEmIJqtDcV,12948415.0
HF70zX0bfdoLOpPG,7090336.5
YJBfstVrDHtpbN20,2085060.1
tas2GPJpiXtCswmG,3097213.8
eyLc9PBtwtZAZpvT,3841187.2
jhDNkHZjXASvmjbF,8783246.0
kWe1CE4ulTET3roD,5814740.5
SwZ1dftcaG7R5HrA,1483240.4
M51reaye8VXyLGcd,8406143.0
CwyNuUNOpAsmAYwc,48184316.0
ytzUj7nA3pffrTTH,1326429.8
VQGRk2KIKlqp9JwT,50603944.0
fKDGZbPOZhUv7JqH,12310511.0
fYmF2Q3MTcE2KfOt,2018286.2
NqKAjZbFp6vvyPXC,9373760.0
nRf2XhZQiRmsmzsq,3237603.8
dxnngbTvRlfIxre6,11935785.0
GnyG5wf0SV8tYAnU,1497030.6
cNJkPy2tHgKEGTAI,21646578.0
SwFQEmPrTSYkWjQf,2861129.0
ABMm8GCMcqqR1NgZ,1821918.2
maWs44pk56kVYrps,841482.5
kG3BWfKbwjjOBORT,3720053.5
Y8fPROcOzZSnXN1R,867468.2
yCEJ86ORCfKbltb8,5718393.0
OmvyvMeP3PAgp6Oh,6050105.5
Zcyas2rpvagZ0fGr,1617450.9
tk7v6mXmXmCU6kKu,10435984.0
jI9Ags8loXjWHNRd,4247065.5
hGOf9R3yKGo0JiQC,3432772.0
KpLac096rOo1vn9d,2529273.2
ZsahUGZgpMNDg6Xt,535269.7
rmOh4zGWDDwEJGBc,4033011.2
tMOaSJypETSpAi80,81835250.0
e5eYFbKPZmlraalm,4027469.0
l4s3ZIOViIDpUE3B,4486098.5
r2PjFYD4LhJ2UvtT,2699596.2
CtAkryfmf3fjlRvF,5595555.5
lGASPiWqYauRLo7f,5005640.5
lLTSN4ZP1KzvbnjL,43963624.0
JiB1f0eK6DUZ6Y3U,2926840.0
EYglDu0Cb5mDgSbB,1042025.56
iHAM6VuOgXLhMbYa,167847470.0
qoZJ5wzS12QK5fbr,7143882.0
hWVb0hSu0oXpggXT,3106075.8
yuE4SU7VgspeQCZ4,825023.44
l8IEUv4dWJLeBF4S,8604635.0
RvhLUptXipLdZUvF,12500963.0
tB8kac9p4DR21yey,5648770.5
wFdcRPi4g5eGboOs,7830001.0
XmfMaE2O5af9MUoE,6443105.0
SA3DZPUiMaORBwH3,19717706.0
TVIQBwaf6lWZXcvn,3253587.5
apWNgOjTN5jW1D0X,2685596.5
RfzdsvzuLidQ0pSR,1166949.9
EreSmpiwHAJZjSHK,6585723.0
XvvYh3rjNdzJPXyr,1576014.2
hbc2v5sFEFQjkDlp,30120326.0
wOarQtYzDsT5yWsF,846324.2
sZDB4HEcYV2FJFEQ,5230480.0
lohn2ebKBtWQjPyA,4842055.5
erTl813C0uOUzrd3,675509.5
tg3MveTsEGj3DzfD,208872020.0
jdEamHR03ahwFae6,985433.1
F2ZclFsbF5n7gEN3,10770442.0
nXECOdV4s2kr10MC,4307316.0
mkZYu8bnZgOclu7n,4255137.0
aQEXY2fr8cIoBNOx,10002172.0
zhe5EMiZKD1fT2yh,11010808.0
mjQrWIBXtR1IJFdD,10229567.0
ZyERqa3IvnMbbGlM,2534759.5
nRi1KVA3fHSjGqYY,7059556.0
lS1rspVpEoVL2GY6,1239192.1
fHaYTeujpWvNaKLE,3574733.8
rCPmMwlu4OLZ5Nmg,3395886.8
wDRyCxUAt20JpZLE,2191894.8
WXscJeqKcSn5btyO,3208832.2
NusbwaeU7c8kScGY,32433504.0
i1Dy2EEadOTzY0oH,9391495.0
sNRLhlwZ35iwpRdP,746148.06
Q0gA7O4uSX6ZZMQR,2769142.5
l4Y3PJT5nR9VXyQS,1339872.0
HeSLeRsKtN8Nhv4F,45737000.0
d4ot25MPREJ8mZ1e,3625913.2
pPZbcYtqZ6rPPua1,7853063.5
Wh9evCADcHDYbgzS,1979339.6
aPr3J3H72ySnEh7j,1489030.0
qwm7iKwu7Lr9kUWp,7062869.0
YNeeI4JkvRywuc1e,8949914.0
fDQ8sHz4RKwqeowc,5750050.5
VNF5gNQrCyraWUKE,5942265.0
sQoKBr2X5983C7Iq,1067544.6
sApcKtmDZ364ttb8,1569748.6
PR5jCxf8CERh0yuJ,1415149.1
ANULoRilbq30NlyP,986714.9
JULsxn40uyrbwDsp,1413065.5
Bkq3hBK8EKtH3J0X,7604100.5
PMKaj9dHdDILnKyp,1497926.1
avUzcse4X4kJyaGX,7299052.5
id86zDsaHL6I0wmZ,15577950.0
vp55Qd0X0vQSvKPg,1835321.9
pdE4th7v1AncXJ6P,5682757.0
UkGeNelLZPTWyesI,53860224.0
ctfHZqBIVvZXS2gZ,9588222.0
NhlqIKSOwPcOLclR,901155.75
WEoZkI6LbC1Ffvi9,3931251.0
G7TXvBFRUydaaWiM,14489648.0
z5rgawFZKfkD8WZ6,4673367.0
QIjyOxoxqGyUbBSR,2423842.8
so5tvl5h4pErIaxE,2814977.5
iLARb2IuEvs1AkYK,2775937.8
fm8rhwswTU20l6vF,1432385.0
OHrwjp4OmRwFHCpd,3846517.2
CMAIGH65u2qGPyE5,3722786.2
vz9sdWod60J6WhEe,2083871.4
KvoYuijwkxSM7Drs,970083.25
u9YwUjecLIHTlBSR,883396.4
F3pqIMsya7AjMSKv,45779944.0
LO1mAcL38IEWTuvL,2339097.2
F6wA11zf1eXVTxSZ,2060872.5
Pmxnc2fMsxd0FPaG,53406944.0
bwaBCw8nCAwKuBJA,7731918.0
CzXzTgvn1BKZiRoz,10594142.0
rALlHQpDsuQQSjQF,2464488.8
rIYLX4lVdV21LRL3,6176986.5
cpwKxtlWwR1fsIIp,2867726.2
irMK6k8WtJTBPOvo,3023070.0
gssWvYigz2OswW0K,2813345.8
WVQw1OUpT7bLgbH7,1132200.2
zDttUzyfEF9m4N9V,2797341.8
sNCMXzkz9SkIQLms,84600630.0
sDQvDNZLR4erYqAj,39643200.0
b3N0a6F7A38I2yAF,1609511.0
dooWoK4NIdGnRMUH,1754862.5
nLwT8DtpYN5fXna2,1363299.9
Md0VySe7e7Y5ialB,5965300.5
eV1P78CeO5nIsVlM,6008172.0
jghrOCxIGkJztL4U,1006952.7
BJkbgRZBxuALFvrK,4785913.5
iAxhCWAQlRJ15Hbz,12583279.0
qMQUIh5NF0Cxqel4,3381953.8
v0kG8YEkRLpEVwOD,2313727.2
rYSxUIQxnls7uRfM,7350570.0
E1ByiCqeg5cOja0u,2246741.2
wGykuESTOxcSQ4yo,3253590.8
UAqtLPA3nupwJvVS,11196049.0
picj5DjKCmrIeDvv,3555642.5
ftjSJHUMvHWnt0xy,11906294.0
llLmemK09lhRLG0o,2327013.2
OK7IcC94HVhghXlX,849551.56
eQmDg6CNBhUq2s03,18131572.0
VA8dCXmahp38Tlw7,22231756.0
FebVEl2cDDlJBg1C,2982526.5
QAAWI9cs8AKJL3hP,1592292.6
p6ASlTDl3seuOF7K,2100031.0
ZzOTwjgGfoTXPbgN,17285896.0
cQcXDM1Ii2JQZPBx,29900124.0
YTW4K5Vx1IlFq9V6,1828123.1
xPLPgfTetCzfmRR5,88932536.0
gkVS2DHmcDeupDzR,3409564.8
abs5BF6mfdKteABx,2514376.8
mZswRaJil23GZbhj,3025322.5
kFPplrADs0NE0I8M,9399828.0
yGXPqljemECfxokg,6770842.5
CsOH7DpLy7ygrVjB,8877200.0
mR7vBYB74OE9Z2Mr,16048187.0
X2yRVdlIgeNp2Jz3,5892705.5
B2Nw13peJvn8C3y8,10879436.0
HkHb6PaFeU2sAtbP,1411396.9
AAdzFMUcK9P5Y0hh,15169012.0
mdOTyQ6Mai6qntsf,3592971.2
nwfok6WGeQBIjyBM,2077862.4
POfrmw6Dnp7e2ibv,7345763.0
gpGVvz8qAtvMs3M3,1017908.44
DfFiH6UwJLZST54c,11649756.0
js9wBFI72yzQekHa,10721497.0
l78VeZXPk0FSHQzu,2353743.0
V3AsgmkRly4jZFe4,75014080.0
Y0sJRuvDtUvY9fLn,39042290.0
pga1EODi9Ag7Hk0n,1243793.0
dkASa8OMfxDrtNlY,5847651.0
HeWtZ81x1pORXWSQ,1253897.4
secSIu43o6kfQCDt,3463905.0
kVgWTeLPA9Y0P3ZF,19026784.0
rUP0tB3u67iL4Jlr,1991085.4
tyrqPJ3hMihzKEuz,15099301.0
MgsFeZx4nFqSxkMe,7737147.5
eyzsTN4qrc1Du5zm,5515475.5
IuLdwaW30wuls1NH,2520551.5
g6k5A82nRzINUd87,1566649.9
C6pBewTDmucKimFM,4751926.5
JD89V7aJ6Ebr87Eo,4708709.5
qWQztbqUZtvScURf,4362717.5
kli2sMNu366Ob3aG,7265792.5
gsCWYUUvP0URGjiG,1217195.8
ZjAsULJAtw8xrPv7,5987203.5
U5cbPCIITR0NlGSr,1865751.9
oAgzmVKmupRHCk7x,312200580.0
E0vFTSfFI3OpVIDF,4350635.0
G85OXYKlMdSwrzze,1687782.9
oU5xbZbGE0p89RI5,4926498.5
r9Ry0AqnP2Za30SC,26219002.0
HJz9SkxGfVOnADIY,1658654.0
uX2puIuex7xWTigQ,2856200.0
hk4kbS7freGXMkJ7,3820848.0
ZwsMYod9CJ1UwqIJ,2464030.5
lO25epYGCZMqz1I5,1146848.1
OJSZrYQdY19f4n8N,5732622.5
WM1ckOr0jnJcfkcd,2856162.0
nr8Ds6mDf9xfCFUT,15503225.0
yDboIbFEpVjtsKxt,51392310.0
o6nzPUUKcwCAewtU,3137616.2
mHtoTdyIXFXNfM4I,3591107.8
iR0lJuk1LIXDwNve,4958295.5
subPoxTPa4xjzF11,1115528.8
ufl6DzerjGgahxPz,1327577.6
lUqccKX5krzFfy5R,2933927.0
D5ijlK5go33UVE6S,1550401.5
RDTYFseBae8SEV0B,933443.25
wm6lyQEuGq6VXj42,11147551.0
ygPSshky4ylTmuZQ,1421179.8
kiXqnE8C7GTTrHZz,8121021.0
M1VctUmzTpijO4x2,1765611.1
a1SG11qOvfVobVCW,2445081.5
lNfW7rNcnbLsPCTk,5744832.5
MSRxERdmT1ldkVp2,11134503.0
sDS5Rha92nE64NH9,4567639.0
XGBG4mgyW6O2EeAQ,913316.94
RxNCW2HOCRz9ztjA,7301357.0
hnAIQJkCl4pOSB4u,1380758.5
ec4uWmVUOffRicA0,1131889.4
yq5CmQ9ekkAREn3a,6461929.0
sYRkN4ptfIw31i8o,24447796.0
FvhdTxnx3JQQyKor,8795643.0
FJpXaK4oK6YfNboK,1016213.94
sPGloc8cpCb4HwEG,8402848.0
MUHyItLt0MGdITHE,36540536.0
KGDpKhRPvVQnsbo6,2011194.4
AQPJ4dZsAjXfjmn4,8195455.0
yYoLq9MjAzIb262N,6419069.5
DpxgPG5hYoFEwQbA,1886717.0
nN1rBHA3ZYSokgx0,1621522.0
Tei5lzQXO5g5rDJI,4094342.5
fiGGx3pUaMO3FSbS,13803879.0
VxNDIFISyYCS8pjK,3219226.2
xfLHi04tx9dBngXa,4998146.5
YdHTpmVEeeKnSp0N,2793353.5
bK544Oi43QMJcc6I,3212194.2
tUMc85TCVTcXMm6d,12833199.0
dwbLMf2cZ1vMpunf,6219368.5
pHkLI18qTu2pV9DA,23821276.0
qQCFMXxafvfyqdwZ,35235860.0
br8fO14hVNqMDmuz,20269366.0
TvzD8Kr2xj9dHsMK,15583567.0
zwzoMH5qTdpkCy6M,1823298.4
LLBwnE31QB50NL1v,4620264.5
hQ3YYd7UNIyj8ULL,3569494.2
mUM4RDIPwfKZS28A,72422410.0
Mwg3QZYZbFCtFA0U,1181794.9
K2rUx3oUMYit2WKX,6263265.5
zWYC5Cfjjop2VYOy,3064234.8
rf9k0M4hquhC8yEi,708196.0
wmqLkLyj2jRLBxGk,13921169.0
ca9W28Tva4V1ayKO,6726697.0
uXZf6CgTQbpTIzbP,7259829.0
JpfvAKMLgjjNvJmX,1598901.2
qOqMRSELowMT2E3R,14252714.0
xWDlR0PLsFIac0g8,4523811.0
g2mjJY54UY8NxJnv,9505371.0
rXAVjtNlhli1VC3x,2064163.2
PB6OiKuJqIAN4rni,778084.56
EwuyzmYWdQ5PcM0c,11197800.0
U1Fw8EqIScmlEzHb,1996929.0
stj8qbmdUM6uD5HK,39730100.0
XVM719rROyEWH2EA,933207.4
ukBLR738pBdLcopp,8122988.5
dd8Lcvtz02DuqtSI,12999788.0
z59YQHZE2zRZrTqB,3859867.5
L5kwe4ezEjq1gR5f,10501357.0
ew3FhcneXCsy6gFX,1790179.0
O2KP1CCaYFZCwvEh,5114601.0
R2xPW3BfZZkeA3m1,25466188.0
NlfXUGlPjYCdMES8,29170576.0
E1m7sCScsV8N6YnJ,15156750.0
JKVQwBctp0aiWgqu,704082.06
Pe4xJ1iiYXLzADDA,3049140.5
DFQTb3PcWxveoHRL,2146834.5
p3oydDSmvptmgigY,2314859.5
eOlUQZH3OhoczisW,2444913.5
JX5eaSVXhTeqSqlh,2800806.5
aspX3hmcdO4yauDR,5882896.0
SYfkvlc57gf0R1HP,6114677.5
yfZxAfYvQD7dGvoK,4621000.5
yZLzNRYUhYRAUbTG,1509674.5
PSEU0egApmbAQfnz,6166621.5
wOrWJLbT3LmowrVV,902976.1
Ks9bPpmDnfltcUnF,2733106.8
Z907Virdy6wL4Mbk,4288756.0
x7GfsFhYxWkNwf63,1909496.0
khHZD1vCIVd09CFS,2795472.2
iaWcmSFLAIV2CfH1,90482180.0
Mzfk5OFudVnbna1m,15203278.0
EcMpYqpOAt4KEYWI,8482923.0
ouaAUYVMfgv69dQl,1382852.5
cMGWDb8NFyXg0p68,1480827.8
fKTq2nUa7DbjOmEh,45363332.0
j1dugbiYR1TNFkSs,24718388.0
rMP239E77wAc6ejW,7585869.5
U2z6jb7I0T9esu1Y,124439464.0
WDnqhvP6kAGtiZhk,1935584.1
oazFoyFcBxD1Ynxl,5673167.0
i33G64Tpa7NMArZ7,5670873.5
gQCUNdm5XziQXrEo,4448166.0
xXcCIUg6ZOaOgqIq,2650741.5
yBfunPYSEpdKIbhM,23937420.0
F8kWvsHF8KtFKHtB,10484106.0
bAS43hCcfZBx1Djk,10213074.0
DBaeclS3EJLdWTrs,4098261.0
UBmGy7aM8Ukl9BLs,1912705.5
IbsENvh8fuhsoAsm,1327394.0
GIEZIWrsuRHHYVHL,1819707.8
yRTqXBT8Utcu8GII,1095854.9
uDwx5wr38d7gVEJP,3659771.2
O2feOoWprPcWOoj0,6419161.0
XHcAW73zlDDgZURH,38586400.0
uA9W5DdOXvqp2W8v,4220638.5
sfSm5ShJHt5gaCVB,969540.4
EVNvbnuBvrsgLq28,1706966.4
Oft3i3Ch4lgiVl1x,2206052.2
S8IOvgF4pGPNvHF2,2780444.8
qE7pNqj56hMhiy9j,3944767.2
EzcOVEJz1wl8dlE6,2376666.8
SOgm9B1LQmF9ujK9,3340163.0
m7sttBkwp5iCsPeW,1710184.5
AZDMKX830gmXYjtd,2501788.2
n6SXn68sP15GtLg3,25600212.0
zXm4PK3oFLge2031,21674176.0
s5OuaMkHNUINw0pU,2640447.5
pQplSp9XauLqZKBf,3252492.5
CmGAhr9Ywfkn4Pv2,6654399.0
p2VWY26W5mdalVBX,3328366.0
hF96u05VcD1MEOoT,6759861.0
b8nqIkNf3jJV48tk,2573689.2
G6lnq6lkRr2Zt5wU,4450559.5
RkdQcNfuBwj9HR3B,5370550.0
Nc3231xDRSBadIiv,9746034.0
sOIPwGhYjpEYQrIX,53029344.0
w0IbHjfzRncgk2Tw,11693144.0
FTmjIf1VcKGDG0CY,4845746.5
E8QuZ3BnoLvjiZPb,2094127.2
zbOQmhLdcpjWz09o,27466642.0
d7n2FMf3ZNjjpr3M,909823.06
gNeClViio2x7KqOt,1136614.2
vV2vzEhWpLDXrY2y,1996795.8
eS747ozRS2mwm2SF,4095760.2
YKIIU4VAbFtjRIT7,4067256.0
FNWfgejN2HQ7zHDI,13051389.0
YGhbU3Bzx3Gj8Jo7,1946507.6
F3VSjwCTP4Hi8Uhr,54377264.0
J99CQu3UhS72sMIs,1177198.8
KjxDTmY0LoEwMhZl,2784693.2
m62n9Y5Xw6WFJjmJ,3734307.2
WGVjW5an9r4i0o7z,15160682.0
L8h97YA8K4UzV0GE,8763132.0
sgAi7H6fE7NDjsWB,34964520.0
iPXmHpR7FhqTJ01D,14469101.0
dCwmeRyZDNBHRPEF,1447291.6
or5GUpKyrKxRULHK,1295196.5
suw0B40g7iXNT98V,2753786.5
Him9X85CT3Dj2mhZ,1750615.1
u8FytmDCGSzTdIoK,7327033.0
c48FobRS3aQfCXZQ,3583478.5
mgQMRlT7MliFrwar,12819548.0
FkZKdqjOs3xOOR1S,14188675.0
iD8NK6Zrf62Ks7G6,14233860.0
x63m45CdHkiaTSFB,4664617.5
s4OXNVLynzKHUbJo,36648584.0
Q8lYMFYXFtFQEkwT,1239714.5
VP0RpyRIRKL2UQuG,792422.1
cThRgW9ClzoaJdQ8,1478307.6
OdrDw4nqRS3j76rO,5356999.5
cZ0dHC64ZyTrY2dc,3982347.2
Vkub9Im79QETqbIv,2319502.2
Rkcn4bW2wTcj0jHv,3917900.5
QUmDKOlcCn0t8RHl,825211.5
lviwS0RmFhDdirZi,2687487.2
sdyKhKfqECGHVBGL,2631091.8
r60eqe0uJdFomWt8,9870232.0
cNwyqu4wsyR1nl9S,22402360.0
neIvTJMkhreb9wji,6299561.5
QhZB9BmATM7J9Q5y,2493927.0
jpOd2DixPBwlKoJf,4104335.2
hB3Bl3jE6sAOrzm5,2649480.2
jIXrSQCEM0v2CZzF,77449176.0
XVcJ1xjVGzHQDaPR,13250321.0
oKhg0miYj36EvnmG,3786286.8
jZ6AbJ9YzcnREH5h,22311490.0
P1j8YRbxDAovumaI,9941082.0
IxcBhEoFLcrI9TPr,1985571.1
rKiV0KDbAl2myBQI,1745337.4
u7NKZfWoMUlZy9rJ,5111616.5
kydULx0r0G7OklRD,7317047.5
TXHk3oUpVsm5Cmag,2981210.0
YunNwAhcqkf6YclI,1150736.4
